Code géographique 1991;Statut municipal;Nom de la municipalité;Population estimée;Latitude;Longitude 
01023;M;Les Îles-de-la-Madeleine;12481;47° 22' 34" N;61° 52' 05" O
01042;M;Grosse-Île;456;47° 37' 08" N;61° 30' 57" O
02005;V;Percé;3122;48° 31' 27" N;64° 12' 43" O
02010;M;Sainte-Thérèse-de-Gaspé;1011;48° 24' 56" N;64° 23' 54" O
02015;V;Grande-Rivière;3339;48° 24' 03" N;64° 29' 47" O
02028;V;Chandler;7420;48° 20' 55" N;64° 40' 42" O
02047;M;Port-Daniel--Gascons;2287;48° 10' 46" N;64° 58' 14" O
02902;NO;Mont-Alexandre;0;48° 32' 21" N;64° 56' 34" O
03005;V;Gaspé;15539;48° 49' 29" N;64° 28' 34" O
03010;CT;Cloridorme;624;49° 10' 51" N;64° 50' 59" O
03015;M;Petite-Vallée;155;49° 13' 07" N;65° 02' 05" O
03020;M;Grande-Vallée;1067;49° 13' 34" N;65° 07' 27" O
03025;V;Murdochville;617;48° 57' 37" N;65° 29' 49" O
03902;NO;Rivière-Saint-Jean;0;48° 53' 06" N;65° 02' 04" O
03904;NO;Collines-du-Basque;0;48° 57' 07" N;65° 16' 23" O
04005;M;Sainte-Madeleine-de-la-Rivière-Madeleine;275;49° 14' 54" N;65° 21' 11" O
04010;M;Saint-Maxime-du-Mont-Louis;1025;49° 13' 44" N;65° 43' 53" O
04015;VL;Mont-Saint-Pierre;196;49° 13' 23" N;65° 47' 60" O
04020;M;Rivière-à-Claude;153;49° 13' 06" N;65° 53' 42" O
04025;VL;Marsoui;282;49° 12' 54" N;66° 04' 01" O
04030;M;La Martre;182;49° 12' 20" N;66° 10' 14" O
04037;V;Sainte-Anne-des-Monts;6161;49° 07' 47" N;66° 29' 15" O
04047;V;Cap-Chat;2560;49° 05' 48" N;66° 41' 16" O
04902;NO;Mont-Albert;181;48° 52' 51" N;65° 56' 04" O
04904;NO;Coulée-des-Adolphe;0;48° 57' 45" N;66° 37' 58" O
05010;M;Shigawake;332;48° 05' 48" N;65° 04' 07" O
05015;CT;Saint-Godefroi;356;48° 04' 33" N;65° 06' 47" O
05020;M;Hope Town;336;48° 03' 01" N;65° 09' 30" O
05025;CT;Hope;608;48° 02' 12" N;65° 12' 14" O
05032;V;Paspébiac;3123;48° 01' 46" N;65° 14' 55" O
05040;M;New Carlisle;1343;48° 00' 34" N;65° 19' 41" O
05045;V;Bonaventure;2759;48° 02' 57" N;65° 29' 28" O
05050;M;Saint-Elzéar;459;48° 09' 35" N;65° 23' 36" O
05055;P;Saint-Siméon;1256;48° 04' 18" N;65° 34' 17" O
05060;M;Caplan;1942;48° 06' 07" N;65° 40' 45" O
05065;M;Saint-Alphonse;731;48° 11' 15" N;65° 37' 26" O
05070;V;New Richmond;3859;48° 09' 44" N;65° 51' 41" O
05077;M;Cascapédia--Saint-Jules;772;48° 15' 11" N;65° 55' 20" O
05902;NO;Rivière-Bonaventure;62;48° 25' 41" N;65° 37' 31" O
06005;M;Maria;2760;48° 10' 39" N;65° 58' 49" O
06013;V;Carleton-sur-Mer;4226;48° 06' 06" N;66° 07' 19" O
06020;M;Nouvelle;1815;48° 08' 19" N;66° 18' 47" O
06025;M;Escuminac;620;48° 04' 49" N;66° 32' 18" O
06030;M;Pointe-à-la-Croix;1287;48° 01' 37" N;66° 41' 59" O
06035;M;Ristigouche-Sud-Est;176;48° 00' 34" N;66° 46' 11" O
06040;M;Saint-André-de-Restigouche;145;48° 03' 46" N;66° 56' 56" O
06045;M;Matapédia;581;47° 58' 29" N;66° 56' 27" O
06050;M;Saint-Alexis-de-Matapédia;513;47° 58' 08" N;67° 03' 06" O
06055;M;Saint-François-d'Assise;669;47° 58' 57" N;67° 09' 26" O
06060;M;L'Ascension-de-Patapédia;161;47° 55' 57" N;67° 14' 60" O
06802;R;Gesgapegiag;665;48° 11' 57" N;65° 55' 07" O
06804;R;Listuguj;1647;48° 00' 47" N;66° 42' 19" O
06902;NO;Rivière-Nouvelle;0;48° 19' 00" N;66° 34' 29" O
06904;NO;Ruisseau-Ferguson;0;48° 01' 31" N;67° 27' 01" O
07005;M;Sainte-Marguerite-Marie;181;48° 19' 06" N;67° 04' 56" O
07010;M;Sainte-Florence;371;48° 15' 50" N;67° 14' 12" O
07018;V;Causapscal;2150;48° 21' 17" N;67° 13' 19" O
07025;M;Albertville;254;48° 19' 34" N;67° 21' 30" O
07030;P;Saint-Léon-le-Grand;986;48° 22' 48" N;67° 30' 22" O
07035;P;Saint-Zénon-du-Lac-Humqui;366;48° 18' 18" N;67° 34' 45" O
07040;P;Sainte-Irène;401;48° 26' 08" N;67° 35' 44" O
07047;V;Amqui;6116;48° 27' 43" N;67° 25' 56" O
07057;M;Lac-au-Saumon;1475;48° 25' 14" N;67° 20' 43" O
07065;P;Saint-Alexandre-des-Lacs;307;48° 28' 34" N;67° 18' 20" O
07070;P;Saint-Tharcisius;425;48° 32' 47" N;67° 20' 26" O
07075;M;Saint-Vianney;438;48° 37' 03" N;67° 24' 42" O
07080;M;Val-Brillant;947;48° 32' 02" N;67° 32' 54" O
07085;M;Sayabec;1772;48° 33' 55" N;67° 41' 06" O
07090;P;Saint-Cléophas;317;48° 29' 34" N;67° 44' 36" O
07095;P;Saint-Moïse;537;48° 33' 04" N;67° 51' 05" O
07100;VL;Saint-Noël;374;48° 35' 02" N;67° 50' 05" O
07105;P;Saint-Damase;389;48° 39' 40" N;67° 49' 36" O
07902;NO;Routhierville;17;48° 10' 05" N;67° 06' 53" O
07904;NO;Rivière-Vaseuse;0;48° 13' 27" N;67° 28' 39" O
07906;NO;Rivière-Patapédia-Est;0;48° 08' 27" N;67° 38' 45" O
07908;NO;Lac-Casault;10;48° 29' 06" N;66° 38' 33" O
07910;NO;Ruisseau-des-Mineurs;0;48° 36' 54" N;66° 41' 55" O
07912;NO;Lac-Alfred;0;48° 23' 12" N;67° 44' 32" O
07914;NO;Lac-Matapédia;9;48° 34' 19" N;67° 30' 54" O
08005;M;Les Méchins;965;48° 59' 52" N;66° 58' 49" O
08010;P;Saint-Jean-de-Cherbourg;173;48° 51' 31" N;67° 06' 41" O
08015;M;Grosses-Roches;388;48° 56' 23" N;67° 10' 25" O
08023;M;Sainte-Félicité;1074;48° 53' 55" N;67° 20' 02" O
08030;P;Saint-Adelme;488;48° 49' 27" N;67° 19' 14" O
08035;M;Saint-René-de-Matane;981;48° 42' 18" N;67° 23' 08" O
08040;M;Sainte-Paule;253;48° 39' 35" N;67° 33' 27" O
08053;V;Matane;14257;48° 50' 36" N;67° 31' 50" O
08065;P;Saint-Léandre;365;48° 43' 51" N;67° 36' 21" O
08073;M;Saint-Ulric;1644;48° 47' 15" N;67° 41' 57" O
08080;M;Baie-des-Sables;618;48° 43' 15" N;67° 53' 38" O
08902;NO;Rivière-Bonjour;16;48° 44' 50" N;66° 43' 25" O
09005;P;La Rédemption;389;48° 26' 40" N;67° 52' 40" O
09010;P;Saint-Charles-Garnier;237;48° 20' 28" N;68° 02' 40" O
09015;M;Les Hauteurs;485;48° 22' 41" N;68° 06' 49" O
09020;P;Sainte-Jeanne-d'Arc;216;48° 29' 37" N;67° 57' 23" O
09025;M;Saint-Gabriel-de-Rimouski;1223;48° 25' 53" N;68° 09' 50" O
09030;P;Saint-Donat;901;48° 29' 44" N;68° 14' 39" O
09035;M;Sainte-Angèle-de-Mérici;1029;48° 31' 36" N;68° 04' 60" O
09040;M;Padoue;246;48° 34' 45" N;67° 59' 17" O
09048;V;Métis-sur-Mer;583;48° 41' 01" N;67° 57' 49" O
09055;P;Saint-Octave-de-Métis;510;48° 36' 01" N;68° 04' 49" O
09060;M;Grand-Métis;214;48° 36' 57" N;68° 06' 31" O
09065;VL;Price;1704;48° 36' 07" N;68° 07' 23" O
09070;P;Saint-Joseph-de-Lepage;577;48° 34' 37" N;68° 10' 05" O
09077;V;Mont-Joli;6465;48° 35' 07" N;68° 11' 21" O
09085;P;Sainte-Flavie;943;48° 36' 38" N;68° 13' 39" O
09092;M;Sainte-Luce;2835;48° 32' 47" N;68° 23' 40" O
09902;NO;Lac-des-Eaux-Mortes;0;48° 10' 20" N;67° 54' 02" O
09904;NO;Lac-à-la-Croix;0;48° 17' 20" N;67° 46' 09" O
10005;M;Esprit-Saint;324;48° 04' 02" N;68° 33' 46" O
10010;P;La Trinité-des-Monts;236;48° 07' 40" N;68° 28' 29" O
10015;P;Saint-Narcisse-de-Rimouski;1182;48° 17' 08" N;68° 26' 19" O
10025;P;Saint-Marcellin;432;48° 20' 07" N;68° 17' 32" O
10030;P;Saint-Anaclet-de-Lessard;3035;48° 28' 20" N;68° 26' 05" O
10043;V;Rimouski;51764;48° 26' 57" N;68° 31' 30" O
10060;P;Saint-Valérien;960;48° 20' 19" N;68° 39' 25" O
10070;P;Saint-Fabien;1886;48° 17' 39" N;68° 52' 01" O
10075;P;Saint-Eugène-de-Ladrière;413;48° 14' 52" N;68° 48' 03" O
10902;NO;Lac-Huron;33;48° 04' 51" N;68° 13' 19" O
11005;M;Saint-Clément;485;47° 55' 25" N;69° 05' 50" O
11010;M;Saint-Jean-de-Dieu;1678;48° 00' 04" N;69° 02' 48" O
11015;M;Sainte-Rita;315;47° 56' 54" N;68° 54' 45" O
11025;M;Saint-Médard;217;48° 02' 50" N;68° 53' 56" O
11030;P;Sainte-Françoise;417;48° 05' 43" N;69° 04' 04" O
11035;P;Saint-Éloi;324;48° 02' 13" N;69° 13' 41" O
11040;V;Trois-Pistoles;3170;48° 07' 32" N;69° 10' 31" O
11045;M;Notre-Dame-des-Neiges;1174;48° 06' 51" N;69° 09' 26" O
11050;M;Saint-Mathieu-de-Rioux;720;48° 11' 02" N;68° 59' 05" O
11055;M;Saint-Simon-de-Rimouski;475;48° 12' 07" N;69° 02' 37" O
11902;NO;Lac-Boisbouscache;0;48° 07' 40" N;68° 53' 02" O
12005;M;Saint-Cyprien;1095;47° 53' 44" N;69° 01' 27" O
12010;M;Saint-Hubert-de-Rivière-du-Loup;1440;47° 48' 57" N;69° 08' 52" O
12015;V;Saint-Antonin;4618;47° 45' 52" N;69° 28' 32" O
12020;M;Saint-Modeste;1212;47° 49' 50" N;69° 24' 15" O
12025;M;Saint-François-Xavier-de-Viger;248;47° 51' 23" N;69° 14' 43" O
12030;M;Saint-Épiphane;829;47° 53' 45" N;69° 19' 45" O
12035;M;Saint-Paul-de-la-Croix;325;47° 57' 12" N;69° 11' 39" O
12043;M;L'Isle-Verte;1418;48° 00' 55" N;69° 20' 05" O
12045;P;Notre-Dame-des-Sept-Douleurs;72;48° 00' 35" N;69° 27' 19" O
12057;M;Cacouna;1882;47° 54' 59" N;69° 29' 59" O
12065;P;Saint-Arsène;1254;47° 54' 48" N;69° 26' 02" O
12072;V;Rivière-du-Loup;20666;47° 50' 10" N;69° 32' 12" O
12080;M;Notre-Dame-du-Portage;1336;47° 45' 56" N;69° 36' 35" O
12802;R;Kataskomiq;0;47° 42' 05" N;69° 16' 27" O
12804;R;Cacouna;0;47° 55' 05" N;69° 30' 27" O
13005;V;Dégelis;2952;47° 32' 53" N;68° 38' 49" O
13010;M;Saint-Jean-de-la-Lande;240;47° 25' 35" N;68° 40' 52" O
13015;P;Packington;600;47° 29' 26" N;68° 47' 11" O
13020;P;Saint-Marc-du-Lac-Long;392;47° 23' 19" N;68° 53' 42" O
13025;M;Rivière-Bleue;1305;47° 26' 10" N;69° 02' 35" O
13030;P;Saint-Eusèbe;581;47° 32' 37" N;68° 54' 48" O
13040;M;Saint-Juste-du-Lac;555;47° 39' 14" N;68° 45' 15" O
13045;M;Auclair;474;47° 43' 43" N;68° 38' 38" O
13050;M;Lejeune;246;47° 46' 08" N;68° 34' 28" O
13055;M;Biencourt;429;47° 56' 16" N;68° 36' 25" O
13062;V;Lac-des-Aigles;578;48° 02' 07" N;68° 47' 09" O
13065;M;Saint-Michel-du-Squatec;1057;47° 52' 52" N;68° 43' 11" O
13073;V;Témiscouata-sur-le-Lac;5168;47° 40' 60" N;68° 52' 60" O
13075;M;Saint-Pierre-de-Lamy;139;47° 47' 02" N;69° 02' 03" O
13080;P;Saint-Louis-du-Ha! Ha!;1355;47° 40' 13" N;68° 58' 54" O
13085;M;Saint-Elzéar-de-Témiscouata;342;47° 35' 30" N;69° 05' 37" O
13090;M;Saint-Honoré-de-Témiscouata;809;47° 42' 31" N;69° 08' 09" O
13095;V;Pohénégamook;2514;47° 27' 24" N;69° 14' 26" O
13100;M;Saint-Athanase;311;47° 26' 21" N;69° 24' 55" O
14005;M;Mont-Carmel;1165;47° 26' 30" N;69° 51' 19" O
14010;M;Saint-Bruno-de-Kamouraska;512;47° 27' 24" N;69° 45' 14" O
14018;V;Saint-Pascal;3530;47° 31' 42" N;69° 48' 27" O
14025;M;Sainte-Hélène-de-Kamouraska;895;47° 35' 21" N;69° 43' 47" O
14030;P;Saint-Joseph-de-Kamouraska;399;47° 36' 38" N;69° 38' 32" O
14035;M;Saint-Alexandre-de-Kamouraska;2504;47° 40' 46" N;69° 37' 11" O
14040;M;Saint-André-de-Kamouraska;666;47° 40' 25" N;69° 43' 40" O
14045;M;Saint-Germain-de-Kamouraska;304;47° 35' 16" N;69° 47' 54" O
14050;M;Kamouraska;609;47° 33' 57" N;69° 52' 06" O
14055;M;Saint-Denis-De La Bouteillerie;517;47° 30' 06" N;69° 56' 09" O
14060;P;Saint-Philippe-de-Néri;853;47° 28' 01" N;69° 53' 12" O
14065;M;Rivière-Ouelle;1002;47° 26' 03" N;70° 00' 57" O
14070;M;Saint-Pacôme;1565;47° 24' 33" N;69° 56' 45" O
14075;M;Saint-Gabriel-Lalemant;670;47° 22' 57" N;69° 55' 43" O
14080;M;Saint-Onésime-d'Ixworth;523;47° 19' 37" N;69° 58' 55" O
14085;V;La Pocatière;4222;47° 22' 13" N;70° 01' 58" O
14090;P;Sainte-Anne-de-la-Pocatière;1647;47° 20' 31" N;70° 02' 10" O
14902;NO;Picard;6;47° 34' 56" N;69° 28' 41" O
14904;NO;Petit-Lac-Sainte-Anne;0;47° 10' 32" N;69° 43' 22" O
15005;M;Saint-Irénée;703;47° 34' 16" N;70° 12' 26" O
15013;V;La Malbaie;8443;47° 39' 08" N;70° 08' 56" O
15025;M;Notre-Dame-des-Monts;807;47° 40' 01" N;70° 22' 40" O
15030;M;Saint-Aimé-des-Lacs;1178;47° 40' 57" N;70° 18' 32" O
15035;V;Clermont;3082;47° 41' 40" N;70° 13' 32" O
15058;M;Saint-Siméon;1122;47° 50' 14" N;69° 52' 55" O
15065;M;Baie-Sainte-Catherine;162;48° 06' 11" N;69° 43' 34" O
15902;NO;Mont-Élie;51;47° 52' 11" N;70° 17' 10" O
15904;NO;Sagard;109;48° 03' 05" N;70° 06' 40" O
16005;M;Petite-Rivière-Saint-François;1163;47° 18' 04" N;70° 34' 07" O
16013;V;Baie-Saint-Paul;7784;47° 26' 26" N;70° 30' 34" O
16023;M;L'Isle-aux-Coudres;1102;47° 25' 13" N;70° 23' 07" O
16048;M;Les Éboulements;1607;47° 28' 45" N;70° 19' 03" O
16050;P;Saint-Hilarion;1229;47° 34' 42" N;70° 24' 08" O
16055;P;Saint-Urbain;1410;47° 33' 26" N;70° 32' 26" O
16902;NO;Lac-Pikauba;0;47° 45' 23" N;70° 56' 10" O
17005;M;Saint-Omer;295;47° 03' 33" N;69° 43' 44" O
17010;V;Saint-Pamphile;2396;46° 57' 39" N;69° 46' 38" O
17015;M;Saint-Adalbert;482;46° 51' 56" N;69° 53' 59" O
17020;M;Saint-Marcel;430;46° 53' 53" N;70° 03' 42" O
17025;M;Sainte-Félicité;369;46° 58' 01" N;69° 56' 57" O
17030;M;Sainte-Perpétue;1703;47° 03' 21" N;69° 55' 33" O
17035;M;Tourville;573;47° 05' 42" N;69° 58' 55" O
17040;M;Saint-Damase-de-L'Islet;569;47° 11' 47" N;70° 07' 41" O
17045;P;Saint-Cyrille-de-Lessard;765;47° 02' 07" N;70° 16' 21" O
17055;M;Saint-Aubert;1406;47° 10' 40" N;70° 13' 02" O
17060;P;Sainte-Louise;695;47° 16' 57" N;70° 07' 43" O
17065;M;Saint-Roch-des-Aulnaies;942;47° 18' 29" N;70° 10' 21" O
17070;M;Saint-Jean-Port-Joli;3327;47° 12' 60" N;70° 16' 12" O
17078;M;L'Islet;3894;47° 06' 13" N;70° 21' 07" O
18005;M;Saint-Just-de-Bretenières;649;46° 34' 12" N;70° 05' 20" O
18010;M;Lac-Frontière;172;46° 41' 44" N;70° 00' 11" O
18015;P;Saint-Fabien-de-Panet;993;46° 39' 21" N;70° 08' 48" O
18020;M;Sainte-Lucie-de-Beauregard;290;46° 44' 33" N;70° 01' 42" O
18025;P;Sainte-Apolline-de-Patton;532;46° 48' 24" N;70° 11' 39" O
18030;M;Saint-Paul-de-Montminy;804;46° 43' 48" N;70° 21' 42" O
18035;M;Sainte-Euphémie-sur-Rivière-du-Sud;360;46° 46' 33" N;70° 26' 12" O
18040;M;Notre-Dame-du-Rosaire;394;46° 49' 36" N;70° 23' 38" O
18045;M;Cap-Saint-Ignace;3139;47° 01' 53" N;70° 26' 29" O
18050;V;Montmagny;11217;46° 58' 53" N;70° 33' 27" O
18055;P;Saint-Pierre-de-la-Rivière-du-Sud;816;46° 54' 50" N;70° 37' 36" O
18060;M;Saint-François-de-la-Rivière-du-Sud;1592;46° 53' 13" N;70° 42' 55" O
18065;M;Berthier-sur-Mer;1808;46° 55' 32" N;70° 43' 57" O
18070;P;Saint-Antoine-de-l'Isle-aux-Grues;107;47° 04' 00" N;70° 32' 21" O
19005;P;Saint-Philémon;703;46° 40' 44" N;70° 26' 52" O
19010;P;Notre-Dame-Auxiliatrice-de-Buckland;801;46° 37' 11" N;70° 32' 38" O
19015;P;Saint-Nazaire-de-Dorchester;332;46° 33' 06" N;70° 39' 43" O
19020;P;Saint-Léon-de-Standon;1035;46° 28' 42" N;70° 37' 11" O
19025;P;Saint-Malachie;1751;46° 31' 55" N;70° 45' 56" O
19030;P;Saint-Damien-de-Buckland;1822;46° 37' 46" N;70° 39' 57" O
19037;M;Armagh;1429;46° 44' 35" N;70° 35' 16" O
19045;M;Saint-Nérée-de-Bellechasse;768;46° 43' 43" N;70° 43' 44" O
19050;M;Saint-Lazare-de-Bellechasse;1334;46° 39' 23" N;70° 47' 54" O
19055;M;Sainte-Claire;3686;46° 35' 54" N;70° 51' 55" O
19062;M;Saint-Anselme;4436;46° 37' 41" N;70° 58' 19" O
19068;M;Saint-Henri;6016;46° 41' 33" N;71° 04' 03" O
19070;M;Honfleur;872;46° 39' 21" N;70° 52' 49" O
19075;M;Saint-Gervais;2207;46° 42' 59" N;70° 53' 30" O
19082;M;Saint-Raphaël;2496;46° 47' 40" N;70° 45' 21" O
19090;P;La Durantaye;813;46° 50' 09" N;70° 51' 19" O
19097;M;Saint-Charles-de-Bellechasse;2727;46° 46' 21" N;70° 56' 31" O
19105;M;Beaumont;3105;46° 49' 50" N;71° 00' 35" O
19110;M;Saint-Michel-de-Bellechasse;1938;46° 52' 26" N;70° 54' 28" O
19117;M;Saint-Vallier;1037;46° 53' 34" N;70° 49' 19" O
20005;M;Saint-François-de-l'Île-d'Orléans;536;47° 00' 09" N;70° 48' 47" O
20010;M;Sainte-Famille-de-l'Île-d'Orléans;804;46° 58' 23" N;70° 57' 45" O
20015;M;Saint-Jean-de-l'Île-d'Orléans;1018;46° 55' 16" N;70° 53' 26" O
20020;M;Saint-Laurent-de-l'Île-d'Orléans;1679;46° 51' 52" N;70° 59' 54" O
20025;M;Saint-Pierre-de-l'Île-d'Orléans;1670;46° 53' 18" N;71° 04' 12" O
20030;VL;Sainte-Pétronille;1019;46° 51' 09" N;71° 08' 10" O
21005;M;Saint-Tite-des-Caps;1602;47° 08' 29" N;70° 46' 12" O
21010;M;Saint-Ferréol-les-Neiges;4039;47° 07' 04" N;70° 51' 36" O
21015;P;Saint-Louis-de-Gonzague-du-Cap-Tourmente;0;47° 03' 44" N;70° 48' 18" O
21020;P;Saint-Joachim;1429;47° 03' 13" N;70° 50' 36" O
21025;V;Beaupré;4299;47° 02' 30" N;70° 53' 57" O
21030;V;Sainte-Anne-de-Beaupré;3133;47° 00' 57" N;70° 56' 51" O
21035;V;Château-Richer;4617;46° 58' 10" N;71° 01' 03" O
21040;M;L'Ange-Gardien;3985;46° 54' 57" N;71° 05' 42" O
21045;M;Boischatel;8987;46° 53' 49" N;71° 08' 24" O
21902;NO;Sault-au-Cochon;0;47° 10' 00" N;70° 41' 49" O
21904;NO;Lac-Jacques-Cartier;0;47° 32' 35" N;71° 22' 58" O
22005;V;Sainte-Catherine-de-la-Jacques-Cartier;9444;46° 50' 43" N;71° 37' 11" O
22010;V;Fossambault-sur-le-Lac;2459;46° 52' 07" N;71° 37' 13" O
22015;V;Lac-Saint-Joseph;280;46° 54' 26" N;71° 37' 35" O
22020;V;Shannon;6979;46° 53' 22" N;71° 31' 07" O
22025;M;Saint-Gabriel-de-Valcartier;3393;46° 55' 58" N;71° 27' 54" O
22030;V;Lac-Delage;790;46° 58' 16" N;71° 24' 13" O
22035;CU;Stoneham-et-Tewkesbury;10070;46° 59' 57" N;71° 22' 05" O
22040;M;Lac-Beauport;8444;46° 56' 47" N;71° 17' 14" O
22045;V;Sainte-Brigitte-de-Laval;8988;47° 00' 07" N;71° 11' 37" O
22902;NO;Lac-Croche;0;47° 28' 46" N;71° 49' 52" O
23015;P;Notre-Dame-des-Anges;246;46° 48' 52" N;71° 13' 57" O
23027;V;Québec;592884;46° 48' 50" N;71° 12' 29" O
23057;V;L'Ancienne-Lorette;17851;46° 47' 55" N;71° 21' 44" O
23072;V;Saint-Augustin-de-Desmaures;20840;46° 44' 48" N;71° 27' 33" O
23802;R;Wendake;2231;46° 52' 00" N;71° 21' 43" O
25213;V;Lévis;159436;46° 45' 29" N;71° 14' 27" O
26005;M;Frampton;1355;46° 27' 47" N;70° 48' 27" O
26010;M;Saints-Anges;1361;46° 25' 05" N;70° 52' 36" O
26015;M;Vallée-Jonction;2058;46° 22' 30" N;70° 55' 36" O
26022;M;Saint-Elzéar;2838;46° 24' 22" N;71° 03' 40" O
26030;V;Sainte-Marie;13715;46° 26' 18" N;71° 01' 17" O
26035;P;Sainte-Marguerite;1302;46° 30' 41" N;70° 56' 12" O
26040;P;Sainte-Hénédine;1509;46° 33' 27" N;70° 59' 07" O
26048;M;Scott;2893;46° 30' 21" N;71° 04' 23" O
26055;M;Saint-Bernard;2692;46° 29' 53" N;71° 08' 11" O
26063;M;Saint-Isidore;3529;46° 35' 07" N;71° 05' 08" O
26070;M;Saint-Lambert-de-Lauzon;7181;46° 35' 30" N;71° 12' 22" O
27008;M;Saint-Victor;2346;46° 08' 47" N;70° 54' 17" O
27015;M;Saint-Alfred;543;46° 09' 24" N;70° 49' 41" O
27028;V;Beauceville;6253;46° 12' 53" N;70° 46' 33" O
27035;M;Saint-Odilon-de-Cranbourne;1445;46° 21' 24" N;70° 40' 38" O
27043;V;Saint-Joseph-de-Beauce;5288;46° 18' 27" N;70° 52' 47" O
27050;M;Saint-Joseph-des-Érables;397;46° 17' 34" N;70° 53' 51" O
27055;P;Saint-Jules;545;46° 13' 26" N;70° 56' 52" O
27060;VL;Tring-Jonction;1607;46° 16' 21" N;70° 59' 44" O
27065;P;Saint-Frédéric;1191;46° 17' 54" N;70° 58' 13" O
27070;P;Saint-Séverin;303;46° 19' 33" N;71° 03' 16" O
28005;M;Saint-Zacharie;1707;46° 07' 36" N;70° 21' 48" O
28015;M;Sainte-Aurélie;893;46° 10' 34" N;70° 21' 43" O
28020;M;Saint-Prosper;3950;46° 12' 40" N;70° 28' 58" O
28025;M;Saint-Benjamin;1207;46° 16' 48" N;70° 36' 12" O
28030;M;Sainte-Rose-de-Watford;748;46° 19' 20" N;70° 25' 41" O
28035;M;Saint-Louis-de-Gonzague;388;46° 16' 01" N;70° 19' 37" O
28040;P;Saint-Cyprien;468;46° 21' 11" N;70° 15' 45" O
28045;M;Sainte-Justine;1842;46° 24' 10" N;70° 21' 26" O
28053;M;Lac-Etchemin;4064;46° 23' 47" N;70° 30' 16" O
28060;M;Saint-Luc-de-Bellechasse;471;46° 30' 25" N;70° 28' 60" O
28065;P;Sainte-Sabine;368;46° 29' 35" N;70° 21' 07" O
28070;P;Saint-Camille-de-Lellis;741;46° 30' 00" N;70° 12' 21" O
28075;M;Saint-Magloire;731;46° 34' 32" N;70° 17' 19" O
29005;M;Saint-Théophile;720;45° 56' 09" N;70° 28' 58" O
29013;M;Saint-Gédéon-de-Beauce;2139;45° 51' 09" N;70° 38' 27" O
29020;P;Saint-Hilaire-de-Dorset;105;45° 51' 56" N;70° 51' 24" O
29027;M;Courcelles--Saint-Évariste;1327;45° 56' 07" N;70° 56' 56" O
29030;VL;La Guadeloupe;1915;45° 58' 05" N;70° 56' 30" O
29038;M;Saint-Honoré-de-Shenley;1633;45° 57' 40" N;70° 49' 26" O
29045;P;Saint-Martin;2658;45° 57' 33" N;70° 39' 21" O
29050;P;Saint-René;1001;46° 00' 49" N;70° 37' 08" O
29057;M;Saint-Côme--Linière;3445;46° 03' 29" N;70° 31' 19" O
29065;M;Saint-Philibert;365;46° 08' 08" N;70° 32' 41" O
29073;V;Saint-Georges;33910;46° 07' 22" N;70° 40' 17" O
29095;VL;Lac-Poulin;176;46° 05' 55" N;70° 48' 58" O
29100;M;Saint-Benoît-Labre;1676;46° 04' 16" N;70° 47' 19" O
29112;M;Saint-Éphrem-de-Beauce;2541;46° 03' 32" N;70° 57' 19" O
29120;P;Notre-Dame-des-Pins;1954;46° 10' 60" N;70° 42' 51" O
29125;M;Saint-Simon-les-Mines;640;46° 12' 41" N;70° 40' 52" O
30005;P;Saint-Augustin-de-Woburn;677;45° 23' 05" N;70° 51' 47" O
30010;M;Notre-Dame-des-Bois;1161;45° 23' 31" N;71° 04' 27" O
30015;M;Val-Racine;183;45° 29' 13" N;71° 04' 26" O
30020;M;Piopolis;395;45° 29' 09" N;70° 54' 26" O
30025;M;Frontenac;1850;45° 34' 20" N;70° 49' 49" O
30030;V;Lac-Mégantic;5910;45° 34' 25" N;70° 52' 56" O
30035;CT;Marston;808;45° 33' 06" N;70° 56' 48" O
30040;M;Milan;332;45° 35' 17" N;71° 07' 23" O
30045;M;Nantes;1412;45° 38' 01" N;71° 01' 16" O
30050;M;Sainte-Cécile-de-Whitton;913;45° 40' 04" N;70° 56' 25" O
30055;M;Audet;707;45° 39' 26" N;70° 44' 03" O
30070;M;Saint-Robert-Bellarmin;529;45° 44' 59" N;70° 35' 04" O
30072;M;Saint-Ludger;1100;45° 44' 27" N;70° 41' 28" O
30080;M;Lac-Drolet;1087;45° 43' 06" N;70° 50' 59" O
30085;M;Saint-Sébastien;722;45° 46' 56" N;70° 58' 11" O
30095;M;Lambton;1722;45° 50' 18" N;71° 05' 35" O
30100;M;Saint-Romain;715;45° 47' 04" N;71° 05' 34" O
30105;M;Stornoway;554;45° 42' 32" N;71° 09' 31" O
30110;CT;Stratford;1082;45° 46' 55" N;71° 16' 58" O
31008;M;Beaulac-Garthby;947;45° 50' 20" N;71° 22' 44" O
31015;V;Disraeli;2390;45° 54' 11" N;71° 21' 28" O
31020;P;Disraeli;1176;45° 55' 26" N;71° 22' 19" O
31025;P;Saint-Jacques-le-Majeur-de-Wolfestown;200;45° 56' 28" N;71° 30' 14" O
31030;M;Saint-Fortunat;285;45° 58' 21" N;71° 35' 59" O
31035;M;Saint-Julien;394;45° 59' 42" N;71° 31' 41" O
31040;M;Irlande;913;46° 05' 10" N;71° 31' 58" O
31045;M;Saint-Joseph-de-Coleraine;1899;45° 57' 51" N;71° 22' 23" O
31050;P;Sainte-Praxède;386;45° 54' 05" N;71° 15' 17" O
31056;M;Adstock;3173;46° 02' 50" N;71° 04' 40" O
31060;M;Sainte-Clotilde-de-Beauce;592;46° 07' 32" N;71° 01' 42" O
31084;V;Thetford Mines;26918;46° 05' 20" N;71° 18' 07" O
31095;M;Saint-Adrien-d'Irlande;388;46° 06' 35" N;71° 27' 04" O
31100;M;Saint-Jean-de-Brébeuf;365;46° 11' 00" N;71° 27' 25" O
31105;M;Kinnear's Mills;417;46° 13' 24" N;71° 22' 55" O
31122;M;East Broughton;2350;46° 13' 34" N;71° 04' 39" O
31130;P;Sacré-Coeur-de-Jésus;573;46° 14' 07" N;71° 03' 26" O
31135;M;Saint-Pierre-de-Broughton;915;46° 14' 44" N;71° 12' 24" O
31140;M;Saint-Jacques-de-Leeds;744;46° 17' 20" N;71° 20' 18" O
32013;M;Saint-Ferdinand;2079;46° 06' 43" N;71° 34' 24" O
32023;M;Sainte-Sophie-d'Halifax;602;46° 09' 13" N;71° 42' 28" O
32033;V;Princeville;6418;46° 10' 18" N;71° 52' 33" O
32043;V;Plessisville;9507;46° 13' 08" N;71° 46' 19" O
32050;P;Saint-Pierre-Baptiste;607;46° 12' 15" N;71° 37' 03" O
32058;M;Inverness;967;46° 15' 38" N;71° 31' 21" O
32065;M;Lyster;1677;46° 22' 18" N;71° 36' 56" O
32072;M;Laurierville;1381;46° 17' 48" N;71° 39' 23" O
32080;P;Notre-Dame-de-Lourdes;822;46° 19' 37" N;71° 49' 09" O
32085;M;Villeroy;515;46° 23' 12" N;71° 52' 28" O
33007;M;Saint-Sylvestre;1057;46° 21' 54" N;71° 13' 23" O
33017;M;Sainte-Agathe-de-Lotbinière;1033;46° 22' 34" N;71° 24' 01" O
33025;M;Saint-Patrice-de-Beaurivage;1113;46° 24' 43" N;71° 14' 20" O
33030;P;Saint-Narcisse-de-Beaurivage;1246;46° 28' 54" N;71° 13' 54" O
33035;M;Saint-Gilles;3303;46° 30' 36" N;71° 21' 53" O
33040;M;Dosquet;933;46° 27' 56" N;71° 31' 35" O
33045;M;Saint-Agapit;4790;46° 33' 52" N;71° 26' 13" O
33052;M;Saint-Flavien;1679;46° 31' 08" N;71° 36' 12" O
33060;VL;Laurier-Station;2760;46° 32' 17" N;71° 37' 54" O
33065;M;Saint-Janvier-de-Joly;1168;46° 29' 07" N;71° 39' 48" O
33070;M;Val-Alain;1070;46° 24' 59" N;71° 45' 17" O
33080;P;Saint-Édouard-de-Lotbinière;1316;46° 34' 08" N;71° 50' 14" O
33085;P;Notre-Dame-du-Sacré-Coeur-d'Issoudun;895;46° 34' 43" N;71° 37' 23" O
33090;M;Saint-Apollinaire;9024;46° 37' 00" N;71° 30' 38" O
33095;M;Saint-Antoine-de-Tilly;1789;46° 39' 52" N;71° 34' 22" O
33102;M;Sainte-Croix;2637;46° 37' 23" N;71° 44' 23" O
33115;M;Lotbinière;864;46° 37' 01" N;71° 55' 46" O
33123;M;Leclercville;513;46° 34' 17" N;72° 00' 04" O
34007;V;Neuville;4578;46° 41' 55" N;71° 35' 25" O
34017;V;Pont-Rouge;11124;46° 45' 17" N;71° 41' 50" O
34025;V;Donnacona;7806;46° 40' 22" N;71° 44' 14" O
34030;V;Cap-Santé;3840;46° 40' 17" N;71° 46' 16" O
34038;V;Saint-Basile;2863;46° 45' 22" N;71° 49' 34" O
34048;V;Portneuf;3476;46° 41' 27" N;71° 53' 20" O
34058;M;Deschambault-Grondines;2261;46° 38' 55" N;71° 55' 38" O
34060;P;Saint-Gilbert;295;46° 42' 55" N;71° 59' 40" O
34065;V;Saint-Marc-des-Carrières;2906;46° 40' 49" N;72° 02' 56" O
34078;M;Saint-Casimir;1482;46° 39' 23" N;72° 08' 27" O
34085;P;Saint-Thuribe;302;46° 42' 30" N;72° 09' 46" O
34090;M;Saint-Ubalde;1568;46° 45' 19" N;72° 16' 11" O
34097;M;Saint-Alban;1249;46° 43' 10" N;72° 04' 38" O
34105;M;Sainte-Christine-d'Auvergne;692;46° 48' 51" N;71° 58' 15" O
34115;M;Saint-Léonard-de-Portneuf;1181;46° 53' 27" N;71° 54' 23" O
34120;V;Lac-Sergent;616;46° 52' 10" N;71° 43' 29" O
34128;V;Saint-Raymond;11792;46° 53' 29" N;71° 49' 57" O
34135;M;Rivière-à-Pierre;619;46° 59' 49" N;72° 10' 34" O
34902;NO;Lac-Blanc;0;47° 15' 54" N;71° 54' 21" O
34904;NO;Linton;10;47° 12' 35" N;72° 05' 18" O
34906;NO;Lac-Lapeyrère;0;47° 14' 03" N;72° 23' 52" O
35005;M;Notre-Dame-de-Montauban;829;46° 52' 34" N;72° 18' 30" O
35010;P;Lac-aux-Sables;1426;46° 51' 32" N;72° 23' 59" O
35015;P;Saint-Adelphe;928;46° 44' 04" N;72° 25' 51" O
35020;P;Saint-Séverin;805;46° 40' 02" N;72° 30' 10" O
35027;V;Saint-Tite;3768;46° 43' 37" N;72° 33' 53" O
35035;P;Hérouxville;1537;46° 40' 25" N;72° 36' 51" O
35040;VL;Grandes-Piles;590;46° 41' 12" N;72° 43' 33" O
35045;P;Saint-Roch-de-Mékinac;325;46° 48' 41" N;72° 46' 08" O
35050;M;Sainte-Thècle;2456;46° 48' 54" N;72° 30' 28" O
35055;M;Trois-Rives;443;46° 55' 02" N;72° 41' 59" O
35902;NO;Lac-Masketsi;0;47° 04' 46" N;72° 30' 51" O
35904;NO;Lac-Normand;10;47° 09' 45" N;73° 24' 09" O
35906;NO;Rivière-de-la-Savane;5;47° 06' 14" N;73° 37' 57" O
35908;NO;Lac-Boulé;0;46° 53' 22" N;73° 37' 56" O
36033;V;Shawinigan;51771;46° 32' 28" N;72° 44' 43" O
37067;V;Trois-Rivières;149208;46° 20' 35" N;72° 32' 36" O
37205;M;Sainte-Anne-de-la-Pérade;2037;46° 34' 08" N;72° 12' 40" O
37210;M;Batiscan;1015;46° 29' 18" N;72° 15' 24" O
37215;P;Sainte-Geneviève-de-Batiscan;1139;46° 31' 56" N;72° 20' 19" O
37220;M;Champlain;1931;46° 26' 14" N;72° 21' 17" O
37225;M;Saint-Luc-de-Vincennes;573;46° 29' 48" N;72° 25' 09" O
37230;P;Saint-Maurice;3663;46° 28' 09" N;72° 31' 50" O
37235;P;Notre-Dame-du-Mont-Carmel;6527;46° 28' 22" N;72° 40' 32" O
37240;P;Saint-Narcisse;1835;46° 33' 48" N;72° 28' 24" O
37245;M;Saint-Stanislas;1041;46° 36' 40" N;72° 23' 12" O
37250;M;Saint-Prosper-de-Champlain;470;46° 36' 50" N;72° 17' 41" O
38005;M;Saint-Sylvère;795;46° 14' 00" N;72° 13' 29" O
38010;V;Bécancour;14752;46° 20' 54" N;72° 26' 06" O
38015;M;Sainte-Marie-de-Blandford;482;46° 19' 25" N;72° 10' 44" O
38020;M;Lemieux;283;46° 17' 44" N;72° 06' 32" O
38028;M;Manseau;841;46° 21' 58" N;72° 00' 10" O
38035;M;Sainte-Françoise;484;46° 26' 47" N;71° 58' 57" O
38040;P;Sainte-Sophie-de-Lévrard;768;46° 25' 41" N;72° 06' 34" O
38047;M;Fortierville;664;46° 29' 10" N;72° 01' 55" O
38055;P;Parisville;518;46° 31' 07" N;72° 03' 56" O
38060;P;Sainte-Cécile-de-Lévrard;347;46° 28' 00" N;72° 09' 42" O
38065;M;Saint-Pierre-les-Becquets;1174;46° 30' 23" N;72° 12' 11" O
38070;M;Deschaillons-sur-Saint-Laurent;908;46° 33' 06" N;72° 07' 31" O
38802;R;Wôlinak;286;46° 19' 43" N;72° 25' 18" O
39005;P;Saints-Martyrs-Canadiens;314;45° 51' 19" N;71° 32' 04" O
39010;CT;Ham-Nord;930;45° 54' 11" N;71° 38' 48" O
39015;M;Notre-Dame-de-Ham;404;45° 54' 33" N;71° 44' 11" O
39020;M;Saint-Rémi-de-Tingwick;473;45° 51' 58" N;71° 49' 13" O
39025;M;Tingwick;1561;45° 52' 44" N;71° 56' 33" O
39030;M;Chesterville;898;45° 57' 44" N;71° 49' 24" O
39035;M;Sainte-Hélène-de-Chester;409;46° 01' 54" N;71° 42' 34" O
39043;M;Saint-Norbert-d'Arthabaska;1301;46° 06' 23" N;71° 49' 16" O
39060;P;Saint-Christophe-d'Arthabaska;3296;46° 01' 49" N;71° 55' 54" O
39062;V;Victoriaville;49754;46° 03' 21" N;71° 57' 38" O
39077;V;Warwick;4959;45° 56' 45" N;71° 59' 22" O
39085;M;Saint-Albert;1758;46° 00' 10" N;72° 05' 20" O
39090;M;Sainte-Élizabeth-de-Warwick;391;45° 55' 16" N;72° 04' 47" O
39097;V;Kingsey Falls;2052;45° 51' 29" N;72° 04' 20" O
39105;P;Sainte-Séraphine;440;45° 55' 16" N;72° 11' 06" O
39117;M;Sainte-Clotilde-de-Horton;1600;45° 59' 41" N;72° 14' 24" O
39130;M;Saint-Samuel;784;46° 04' 17" N;72° 12' 23" O
39135;M;Saint-Valère;1191;46° 03' 57" N;72° 05' 45" O
39145;P;Saint-Rosaire;949;46° 09' 49" N;72° 01' 38" O
39152;V;Daveluyville;2421;46° 12' 21" N;72° 08' 17" O
39165;M;Maddington Falls;448;46° 13' 03" N;72° 08' 38" O
39170;M;Saint-Louis-de-Blandford;1075;46° 14' 58" N;72° 00' 08" O
40005;M;Ham-Sud;230;45° 45' 22" N;71° 36' 04" O
40010;M;Saint-Adrien;562;45° 49' 10" N;71° 43' 22" O
40017;M;Wotton;1466;45° 44' 11" N;71° 48' 35" O
40025;CT;Saint-Camille;586;45° 40' 57" N;71° 42' 06" O
40032;M;Saint-Georges-de-Windsor;1004;45° 41' 53" N;71° 50' 40" O
40043;V;Val-des-Sources;7367;45° 46' 39" N;71° 56' 18" O
40047;V;Danville;3923;45° 46' 56" N;72° 00' 30" O
41012;M;Saint-Isidore-de-Clifton;728;45° 15' 52" N;71° 30' 40" O
41020;M;Chartierville;326;45° 17' 56" N;71° 12' 08" O
41027;M;La Patrie;827;45° 24' 12" N;71° 15' 06" O
41037;M;Newport;712;45° 23' 19" N;71° 28' 43" O
41038;V;Cookshire-Eaton;5461;45° 24' 47" N;71° 37' 34" O
41055;M;Ascot Corner;3632;45° 26' 54" N;71° 45' 60" O
41060;V;East Angus;4072;45° 29' 03" N;71° 39' 33" O
41065;CT;Westbury;1159;45° 28' 07" N;71° 40' 57" O
41070;M;Bury;1271;45° 28' 23" N;71° 30' 02" O
41075;CT;Hampden;204;45° 27' 43" N;71° 15' 32" O
41080;V;Scotstown;479;45° 31' 24" N;71° 16' 51" O
41085;CT;Lingwick;478;45° 36' 35" N;71° 21' 07" O
41098;M;Weedon;2835;45° 42' 26" N;71° 27' 38" O
41117;M;Dudswell;1805;45° 34' 49" N;71° 34' 18" O
42005;M;Stoke;3274;45° 31' 59" N;71° 48' 20" O
42020;M;Saint-François-Xavier-de-Brompton;2602;45° 32' 25" N;72° 02' 43" O
42025;M;Saint-Denis-de-Brompton;5184;45° 27' 30" N;72° 04' 47" O
42032;M;Racine;1436;45° 30' 13" N;72° 14' 35" O
42040;M;Bonsecours;651;45° 24' 23" N;72° 18' 15" O
42045;VL;Lawrenceville;608;45° 25' 18" N;72° 20' 28" O
42050;M;Sainte-Anne-de-la-Rochelle;607;45° 24' 13" N;72° 24' 04" O
42055;V;Valcourt;2148;45° 29' 32" N;72° 18' 52" O
42060;CT;Valcourt;1054;45° 29' 18" N;72° 18' 34" O
42065;M;Maricourt;473;45° 33' 53" N;72° 15' 45" O
42070;VL;Kingsbury;140;45° 35' 15" N;72° 08' 19" O
42075;CT;Melbourne;1136;45° 38' 42" N;72° 08' 29" O
42078;M;Ulverton;454;45° 43' 32" N;72° 14' 25" O
42088;V;Windsor;5328;45° 34' 07" N;72° 00' 21" O
42095;M;Val-Joli;1780;45° 35' 37" N;71° 58' 07" O
42098;V;Richmond;3385;45° 39' 56" N;72° 08' 49" O
42100;M;Saint-Claude;1166;45° 39' 33" N;71° 58' 34" O
42110;CT;Cleveland;1623;45° 38' 39" N;72° 08' 00" O
43027;V;Sherbrooke;184303;45° 24' 15" N;71° 53' 35" O
44003;M;Saint-Malo;526;45° 11' 54" N;71° 30' 03" O
44005;M;Saint-Venant-de-Paquette;74;45° 07' 30" N;71° 27' 43" O
44010;M;East Hereford;309;45° 04' 34" N;71° 30' 09" O
44015;M;Saint-Herménégilde;743;45° 06' 19" N;71° 40' 22" O
44023;M;Dixville;820;45° 04' 03" N;71° 46' 11" O
44037;V;Coaticook;9056;45° 08' 04" N;71° 48' 18" O
44045;M;Barnston-Ouest;555;45° 06' 09" N;71° 58' 33" O
44050;M;Stanstead-Est;665;45° 05' 30" N;72° 03' 24" O
44055;CT;Sainte-Edwidge-de-Clifton;555;45° 12' 20" N;71° 40' 60" O
44060;M;Martinville;460;45° 16' 42" N;71° 43' 03" O
44071;M;Compton;3388;45° 14' 32" N;71° 49' 39" O
44080;V;Waterville;2548;45° 16' 41" N;71° 53' 26" O
45008;V;Stanstead;3029;45° 00' 38" N;72° 05' 51" O
45020;M;Ogden;814;45° 01' 33" N;72° 12' 54" O
45025;CT;Stanstead;1162;45° 07' 06" N;72° 10' 55" O
45030;CT;Potton;2200;45° 02' 59" N;72° 23' 30" O
45035;VL;Ayer's Cliff;1272;45° 10' 10" N;72° 02' 37" O
45043;M;Hatley;795;45° 10' 50" N;71° 59' 27" O
45050;VL;North Hatley;766;45° 16' 48" N;71° 58' 20" O
45055;CT;Hatley;2489;45° 17' 36" N;71° 56' 58" O
45060;M;Sainte-Catherine-de-Hatley;2896;45° 15' 04" N;72° 02' 50" O
45072;V;Magog;30496;45° 15' 54" N;72° 08' 48" O
45080;M;Saint-Benoît-du-Lac;43;45° 10' 01" N;72° 16' 09" O
45085;M;Austin;1933;45° 11' 12" N;72° 16' 49" O
45093;M;Eastman;2650;45° 18' 48" N;72° 18' 16" O
45095;M;Bolton-Est;1274;45° 12' 09" N;72° 21' 24" O
45100;M;Saint-Étienne-de-Bolton;888;45° 15' 57" N;72° 22' 51" O
45105;VL;Stukely-Sud;1251;45° 19' 15" N;72° 24' 55" O
45115;CT;Orford;5657;45° 18' 50" N;72° 10' 13" O
46005;VL;Abercorn;355;45° 02' 08" N;72° 39' 35" O
46010;M;Frelighsburg;1204;45° 03' 22" N;72° 50' 14" O
46017;M;Saint-Armand;1239;45° 01' 55" N;73° 02' 31" O
46025;M;Pike River;492;45° 07' 19" N;73° 04' 06" O
46030;M;Stanbridge Station;284;45° 07' 08" N;73° 01' 50" O
46035;V;Bedford;2726;45° 07' 15" N;72° 59' 16" O
46040;CT;Bedford;703;45° 07' 10" N;72° 58' 06" O
46045;M;Stanbridge East;836;45° 07' 22" N;72° 54' 53" O
46050;V;Dunham;3620;45° 07' 52" N;72° 47' 58" O
46058;V;Sutton;4760;45° 06' 22" N;72° 36' 56" O
46065;M;Bolton-Ouest;772;45° 14' 36" N;72° 27' 42" O
46070;VL;Brome;338;45° 11' 36" N;72° 34' 15" O
46075;V;Lac-Brome;6286;45° 13' 09" N;72° 30' 31" O
46078;V;Bromont;12210;45° 19' 08" N;72° 38' 46" O
46080;V;Cowansville;16847;45° 12' 17" N;72° 44' 28" O
46085;M;East Farnham;698;45° 14' 34" N;72° 46' 24" O
46090;M;Brigham;2360;45° 14' 55" N;72° 50' 45" O
46095;M;Saint-Ignace-de-Stanbridge;712;45° 10' 20" N;72° 56' 46" O
46100;M;Notre-Dame-de-Stanbridge;704;45° 10' 22" N;73° 02' 17" O
46105;M;Sainte-Sabine;1128;45° 13' 38" N;73° 01' 16" O
46112;V;Farnham;11228;45° 17' 02" N;72° 58' 36" O
47010;M;Saint-Alphonse-de-Granby;3540;45° 19' 39" N;72° 47' 23" O
47017;V;Granby;71815;45° 23' 56" N;72° 43' 16" O
47025;V;Waterloo;5572;45° 20' 41" N;72° 30' 56" O
47030;VL;Warden;397;45° 22' 40" N;72° 30' 15" O
47035;CT;Shefford;7672;45° 22' 06" N;72° 34' 05" O
47040;M;Saint-Joachim-de-Shefford;1577;45° 26' 50" N;72° 31' 34" O
47047;M;Roxton Pond;4762;45° 28' 35" N;72° 39' 52" O
47055;M;Sainte-Cécile-de-Milton;2312;45° 28' 57" N;72° 45' 14" O
48005;M;Béthanie;362;45° 30' 05" N;72° 26' 15" O
48010;VL;Roxton Falls;1372;45° 34' 21" N;72° 31' 21" O
48015;CT;Roxton;1160;45° 33' 54" N;72° 31' 03" O
48020;P;Sainte-Christine;827;45° 36' 47" N;72° 25' 39" O
48028;V;Acton Vale;7962;45° 38' 52" N;72° 33' 53" O
48038;M;Upton;2188;45° 39' 02" N;72° 41' 39" O
48045;M;Saint-Théodore-d'Acton;1635;45° 41' 05" N;72° 34' 38" O
48050;P;Saint-Nazaire-d'Acton;897;45° 44' 21" N;72° 37' 01" O
49005;M;Saint-Félix-de-Kingsey;1516;45° 47' 43" N;72° 11' 27" O
49015;M;Durham-Sud;1036;45° 39' 42" N;72° 20' 44" O
49020;M;Lefebvre;925;45° 42' 48" N;72° 24' 47" O
49025;M;L'Avenir;1423;45° 45' 56" N;72° 18' 44" O
49030;M;Saint-Lucien;1961;45° 52' 26" N;72° 15' 59" O
49040;M;Wickham;2775;45° 45' 49" N;72° 30' 00" O
49048;M;Saint-Germain-de-Grantham;5076;45° 50' 34" N;72° 33' 43" O
49058;V;Drummondville;84876;45° 52' 50" N;72° 29' 03" O
49070;M;Saint-Cyrille-de-Wendover;5159;45° 55' 53" N;72° 25' 36" O
49075;VL;Notre-Dame-du-Bon-Conseil;1863;46° 00' 02" N;72° 20' 39" O
49080;P;Notre-Dame-du-Bon-Conseil;959;45° 58' 29" N;72° 22' 26" O
49085;P;Sainte-Brigitte-des-Saults;841;46° 01' 38" N;72° 28' 57" O
49095;P;Saint-Majorique-de-Grantham;1365;45° 55' 55" N;72° 34' 53" O
49100;M;Saint-Edmond-de-Grantham;832;45° 52' 54" N;72° 40' 35" O
49105;M;Saint-Eugène;1160;45° 48' 15" N;72° 41' 47" O
49113;M;Saint-Guillaume;1476;45° 52' 55" N;72° 45' 58" O
49125;M;Saint-Bonaventure;1077;45° 57' 57" N;72° 40' 49" O
49130;P;Saint-Pie-de-Guire;463;46° 00' 11" N;72° 44' 51" O
50005;M;Sainte-Eulalie;1048;46° 06' 53" N;72° 15' 15" O
50013;M;Aston-Jonction;460;46° 10' 09" N;72° 13' 45" O
50023;M;Saint-Wenceslas;1192;46° 09' 58" N;72° 19' 37" O
50030;VL;Saint-Célestin;899;46° 12' 51" N;72° 25' 58" O
50035;M;Saint-Célestin;601;46° 11' 54" N;72° 27' 19" O
50042;M;Saint-Léonard-d'Aston;2660;46° 06' 31" N;72° 22' 33" O
50050;P;Sainte-Perpétue;944;46° 05' 05" N;72° 28' 14" O
50057;M;Sainte-Monique;520;46° 09' 29" N;72° 32' 14" O
50065;M;Grand-Saint-Esprit;484;46° 10' 52" N;72° 29' 48" O
50072;V;Nicolet;8780;46° 13' 35" N;72° 36' 58" O
50085;M;La Visitation-de-Yamaska;297;46° 07' 49" N;72° 36' 11" O
50090;P;Saint-Zéphirin-de-Courval;717;46° 03' 07" N;72° 36' 54" O
50095;P;Saint-Elphège;262;46° 03' 18" N;72° 42' 12" O
50100;M;Baie-du-Febvre;1011;46° 08' 15" N;72° 43' 18" O
50113;M;Pierreville;2184;46° 04' 02" N;72° 48' 40" O
50128;M;Saint-François-du-Lac;1921;46° 04' 02" N;72° 49' 42" O
50802;R;Odanak;501;46° 04' 24" N;72° 49' 12" O
51008;M;Maskinongé;2439;46° 13' 21" N;73° 00' 59" O
51015;V;Louiseville;7539;46° 15' 20" N;72° 56' 33" O
51020;M;Yamachiche;2875;46° 16' 48" N;72° 50' 07" O
51025;P;Saint-Barnabé;1224;46° 23' 39" N;72° 52' 41" O
51030;P;Saint-Sévère;350;46° 20' 48" N;72° 53' 54" O
51035;P;Saint-Léon-le-Grand;897;46° 18' 48" N;72° 56' 12" O
51040;M;Sainte-Ursule;1344;46° 17' 25" N;73° 01' 44" O
51045;M;Saint-Justin;956;46° 14' 58" N;73° 05' 23" O
51050;M;Saint-Édouard-de-Maskinongé;810;46° 19' 43" N;73° 08' 49" O
51055;M;Sainte-Angèle-de-Prémont;620;46° 21' 53" N;73° 03' 26" O
51060;M;Saint-Paulin;1624;46° 25' 22" N;73° 00' 50" O
51065;P;Saint-Alexis-des-Monts;3148;46° 27' 36" N;73° 08' 49" O
51070;M;Saint-Mathieu-du-Parc;1594;46° 34' 24" N;72° 55' 19" O
51075;M;Saint-Élie-de-Caxton;2060;46° 29' 10" N;72° 57' 39" O
51080;M;Charette;1129;46° 26' 41" N;72° 55' 15" O
51085;M;Saint-Boniface;5326;46° 30' 13" N;72° 49' 50" O
51090;P;Saint-Étienne-des-Grès;4685;46° 26' 25" N;72° 46' 22" O
52007;V;Lavaltrie;15861;45° 53' 04" N;73° 16' 37" O
52017;M;Lanoraie;5584;45° 57' 42" N;73° 13' 18" O
52030;M;Sainte-Élisabeth;1456;46° 05' 42" N;73° 20' 58" O
52035;V;Berthierville;4522;46° 05' 02" N;73° 10' 34" O
52040;M;Sainte-Geneviève-de-Berthier;2323;46° 05' 26" N;73° 12' 18" O
52045;M;Saint-Ignace-de-Loyola;2142;46° 03' 58" N;73° 07' 50" O
52050;M;La Visitation-de-l'Île-Dupas;707;46° 05' 10" N;73° 08' 33" O
52055;P;Saint-Barthélemy;2099;46° 11' 29" N;73° 07' 08" O
52062;M;Saint-Cuthbert;1880;46° 08' 54" N;73° 13' 10" O
52070;P;Saint-Norbert;1143;46° 10' 04" N;73° 18' 44" O
52075;M;Saint-Cléophas-de-Brandon;284;46° 13' 41" N;73° 24' 24" O
52080;V;Saint-Gabriel;2991;46° 17' 36" N;73° 22' 57" O
52085;M;Saint-Gabriel-de-Brandon;2872;46° 17' 02" N;73° 21' 54" O
52090;P;Saint-Didace;756;46° 19' 45" N;73° 16' 59" O
52095;M;Mandeville;2457;46° 21' 27" N;73° 21' 16" O
53005;M;Saint-David;903;45° 57' 27" N;72° 51' 10" O
53010;VL;Massueville;561;45° 54' 39" N;72° 55' 41" O
53015;M;Saint-Aimé;446;45° 54' 48" N;72° 57' 15" O
53020;M;Saint-Robert;1852;45° 58' 22" N;72° 59' 59" O
53025;M;Sainte-Victoire-de-Sorel;2569;45° 56' 55" N;73° 05' 16" O
53032;V;Saint-Ours;1766;45° 53' 19" N;73° 09' 04" O
53040;M;Saint-Roch-de-Richelieu;2877;45° 53' 31" N;73° 09' 51" O
53050;V;Saint-Joseph-de-Sorel;1563;46° 02' 33" N;73° 07' 33" O
53052;V;Sorel-Tracy;36291;46° 02' 37" N;73° 06' 48" O
53065;M;Sainte-Anne-de-Sorel;2739;46° 03' 45" N;73° 01' 19" O
53072;M;Yamaska;1754;46° 00' 30" N;72° 54' 01" O
53085;P;Saint-Gérard-Majella;250;46° 00' 18" N;72° 50' 21" O
54008;V;Saint-Pie;6043;45° 30' 06" N;72° 54' 01" O
54017;M;Saint-Damase;2455;45° 31' 36" N;73° 00' 24" O
54025;VL;Sainte-Madeleine;2337;45° 35' 39" N;73° 05' 33" O
54030;P;Sainte-Marie-Madeleine;2966;45° 35' 23" N;73° 07' 06" O
54035;M;La Présentation;2715;45° 39' 57" N;73° 03' 03" O
54048;V;Saint-Hyacinthe;60707;45° 37' 34" N;72° 56' 47" O
54060;M;Saint-Dominique;2967;45° 33' 52" N;72° 51' 06" O
54065;M;Saint-Valérien-de-Milton;1801;45° 33' 36" N;72° 42' 45" O
54072;M;Saint-Liboire;3092;45° 38' 56" N;72° 45' 31" O
54090;M;Saint-Simon;1419;45° 44' 07" N;72° 52' 26" O
54095;M;Sainte-Hélène-de-Bagot;1875;45° 43' 48" N;72° 44' 07" O
54100;M;Saint-Hugues;1387;45° 47' 39" N;72° 51' 31" O
54105;M;Saint-Barnabé-Sud;1064;45° 43' 49" N;72° 55' 24" O
54110;M;Saint-Jude;1415;45° 46' 16" N;72° 59' 33" O
54115;M;Saint-Bernard-de-Michaudville;659;45° 49' 36" N;73° 03' 38" O
54120;M;Saint-Louis;762;45° 51' 17" N;72° 58' 33" O
54125;M;Saint-Marcel-de-Richelieu;505;45° 51' 39" N;72° 53' 53" O
55008;M;Ange-Gardien;3056;45° 21' 19" N;72° 56' 04" O
55015;M;Saint-Paul-d'Abbotsford;2922;45° 26' 12" N;72° 53' 05" O
55023;V;Saint-Césaire;6156;45° 24' 36" N;73° 00' 15" O
55030;M;Sainte-Angèle-de-Monnoir;1872;45° 23' 27" N;73° 06' 32" O
55037;M;Rougemont;2747;45° 26' 38" N;73° 04' 21" O
55048;V;Marieville;11930;45° 25' 53" N;73° 09' 49" O
55057;V;Richelieu;5986;45° 26' 36" N;73° 15' 12" O
55065;M;Saint-Mathias-sur-Richelieu;4622;45° 28' 32" N;73° 16' 05" O
56005;M;Venise-en-Québec;2269;45° 04' 59" N;73° 09' 08" O
56010;M;Clarenceville;1220;45° 03' 44" N;73° 12' 48" O
56015;M;Noyan;1507;45° 03' 53" N;73° 17' 53" O
56023;M;Lacolle;2820;45° 04' 51" N;73° 22' 24" O
56030;M;Saint-Valentin;434;45° 07' 45" N;73° 19' 31" O
56035;M;Saint-Paul-de-l'Île-aux-Noix;2277;45° 07' 50" N;73° 16' 37" O
56042;M;Henryville;1627;45° 08' 13" N;73° 11' 34" O
56050;M;Saint-Sébastien;737;45° 07' 38" N;73° 08' 52" O
56055;M;Saint-Alexandre;2735;45° 14' 24" N;73° 07' 02" O
56060;P;Sainte-Anne-de-Sabrevois;2282;45° 12' 19" N;73° 13' 41" O
56065;M;Saint-Blaise-sur-Richelieu;2176;45° 12' 35" N;73° 17' 18" O
56083;V;Saint-Jean-sur-Richelieu;100558;45° 18' 20" N;73° 15' 13" O
56097;M;Mont-Saint-Grégoire;3211;45° 20' 08" N;73° 09' 34" O
56105;M;Sainte-Brigide-d'Iberville;1535;45° 19' 20" N;73° 03' 48" O
57005;V;Chambly;31854;45° 26' 60" N;73° 17' 28" O
57010;V;Carignan;12497;45° 27' 57" N;73° 19' 46" O
57020;V;Saint-Basile-le-Grand;17265;45° 31' 34" N;73° 17' 15" O
57025;V;McMasterville;6136;45° 33' 04" N;73° 13' 49" O
57030;V;Otterburn Park;9249;45° 32' 28" N;73° 11' 18" O
57033;M;Saint-Jean-Baptiste;3371;45° 31' 12" N;73° 07' 27" O
57035;V;Mont-Saint-Hilaire;19398;45° 33' 53" N;73° 11' 29" O
57040;V;Beloeil;25083;45° 34' 00" N;73° 12' 07" O
57045;M;Saint-Mathieu-de-Beloeil;3014;45° 36' 08" N;73° 14' 53" O
57050;M;Saint-Marc-sur-Richelieu;2320;45° 40' 42" N;73° 11' 42" O
57057;M;Saint-Charles-sur-Richelieu;1839;45° 41' 01" N;73° 11' 15" O
57068;M;Saint-Denis-sur-Richelieu;2446;45° 47' 11" N;73° 09' 35" O
57075;M;Saint-Antoine-sur-Richelieu;1853;45° 47' 01" N;73° 10' 33" O
58007;V;Brossard;97697;45° 27' 19" N;73° 28' 02" O
58012;V;Saint-Lambert;23601;45° 30' 06" N;73° 30' 48" O
58033;V;Boucherville;41936;45° 36' 16" N;73° 27' 09" O
58037;V;Saint-Bruno-de-Montarville;26799;45° 31' 34" N;73° 20' 26" O
58227;V;Longueuil;268684;45° 30' 50" N;73° 25' 53" O
59010;V;Sainte-Julie;30837;45° 35' 16" N;73° 19' 34" O
59015;V;Saint-Amable;14037;45° 38' 37" N;73° 18' 20" O
59020;V;Varennes;21557;45° 40' 57" N;73° 26' 30" O
59025;M;Verchères;5819;45° 46' 34" N;73° 21' 28" O
59030;M;Calixa-Lavallée;531;45° 44' 46" N;73° 16' 51" O
59035;V;Contrecoeur;10538;45° 51' 27" N;73° 14' 22" O
60005;V;Charlemagne;6679;45° 43' 16" N;73° 29' 14" O
60013;V;Repentigny;90040;45° 44' 31" N;73° 27' 05" O
60020;P;Saint-Sulpice;3446;45° 49' 35" N;73° 21' 22" O
60028;V;L'Assomption;24904;45° 49' 54" N;73° 25' 25" O
60037;V;L'Épiphanie;9168;45° 51' 02" N;73° 28' 56" O
61005;M;Saint-Paul;7122;45° 58' 55" N;73° 26' 49" O
61013;V;Crabtree;4193;45° 57' 48" N;73° 28' 24" O
61020;VL;Saint-Pierre;293;46° 00' 60" N;73° 28' 54" O
61025;V;Joliette;22296;46° 01' 26" N;73° 26' 34" O
61027;M;Saint-Thomas;3579;46° 01' 02" N;73° 20' 31" O
61030;V;Notre-Dame-des-Prairies;9576;46° 02' 37" N;73° 25' 49" O
61035;V;Saint-Charles-Borromée;16529;46° 02' 47" N;73° 27' 24" O
61040;M;Saint-Ambroise-de-Kildare;4549;46° 04' 32" N;73° 33' 24" O
61045;M;Notre-Dame-de-Lourdes;3279;46° 06' 00" N;73° 25' 34" O
61050;M;Sainte-Mélanie;3420;46° 08' 04" N;73° 30' 48" O
62007;M;Saint-Félix-de-Valois;7437;46° 09' 19" N;73° 25' 55" O
62015;M;Saint-Jean-de-Matha;5273;46° 13' 48" N;73° 32' 03" O
62020;M;Sainte-Béatrix;2357;46° 11' 38" N;73° 37' 15" O
62025;M;Saint-Alphonse-Rodriguez;3588;46° 11' 11" N;73° 41' 23" O
62030;M;Sainte-Marcelline-de-Kildare;1867;46° 07' 03" N;73° 35' 57" O
62037;M;Rawdon;12720;46° 02' 32" N;73° 42' 26" O
62047;M;Chertsey;5582;46° 04' 28" N;73° 53' 21" O
62053;M;Entrelacs;1082;46° 06' 34" N;74° 00' 11" O
62055;M;Notre-Dame-de-la-Merci;1125;46° 13' 30" N;74° 03' 34" O
62060;M;Saint-Donat;4918;46° 19' 04" N;74° 13' 15" O
62065;M;Saint-Côme;2779;46° 16' 05" N;73° 46' 25" O
62070;M;Sainte-Émélie-de-l'Énergie;1801;46° 19' 24" N;73° 38' 44" O
62075;P;Saint-Damien;2530;46° 20' 05" N;73° 28' 46" O
62080;M;Saint-Zénon;1396;46° 33' 38" N;73° 49' 02" O
62085;M;Saint-Michel-des-Saints;2778;46° 40' 34" N;73° 55' 03" O
62802;R;Manawan;2119;47° 13' 14" N;74° 23' 21" O
62902;NO;Lac-Minaki;0;46° 51' 11" N;73° 29' 34" O
62904;NO;Lac-Devenyns;5;47° 02' 40" N;73° 47' 03" O
62906;NO;Baie-de-la-Bouteille;9;46° 54' 00" N;73° 51' 60" O
62908;NO;Lac-Matawin;10;46° 53' 49" N;74° 16' 27" O
62910;NO;Lac-Legendre;0;46° 40' 24" N;74° 18' 48" O
62912;NO;Saint-Guillaume-Nord;114;46° 28' 37" N;73° 59' 23" O
62914;NO;Lac-des-Dix-Milles;0;46° 27' 06" N;74° 20' 09" O
62916;NO;Lac-Santé;0;46° 37' 36" N;74° 28' 46" O
62918;NO;Baie-Obaoca;0;47° 29' 46" N;74° 23' 25" O
62919;NO;Lac-Cabasta;0;47° 32' 04" N;74° 33' 29" O
62920;NO;Baie-Atibenne;0;47° 17' 01" N;74° 24' 14" O
62922;NO;Lac-du-Taureau;0;47° 14' 29" N;74° 38' 03" O
63005;M;Sainte-Marie-Salomé;1283;45° 55' 55" N;73° 29' 49" O
63013;M;Saint-Jacques;4711;45° 56' 43" N;73° 34' 22" O
63023;M;Saint-Alexis;1460;45° 56' 03" N;73° 36' 56" O
63030;M;Saint-Esprit;2350;45° 53' 54" N;73° 39' 56" O
63035;M;Saint-Roch-de-l'Achigan;5691;45° 51' 21" N;73° 35' 33" O
63040;M;Saint-Roch-Ouest;276;45° 51' 28" N;73° 39' 16" O
63048;V;Saint-Lin--Laurentides;26396;45° 51' 05" N;73° 45' 21" O
63055;M;Saint-Calixte;7567;45° 57' 08" N;73° 50' 58" O
63060;M;Sainte-Julienne;12531;45° 57' 46" N;73° 42' 32" O
63065;M;Saint-Liguori;2252;46° 00' 26" N;73° 34' 06" O
64008;V;Terrebonne;125278;45° 41' 30" N;73° 38' 04" O
64015;V;Mascouche;56173;45° 44' 43" N;73° 36' 08" O
65005;V;Laval;460396;45° 33' 06" N;73° 44' 43" O
66007;V;Montréal-Est;4910;45° 37' 53" N;73° 29' 43" O
66023;V;Montréal;1945359;45° 30' 32" N;73° 33' 15" O
66032;V;Westmount;20315;45° 29' 08" N;73° 35' 48" O
66047;V;Montréal-Ouest;5363;45° 27' 05" N;73° 38' 33" O
66058;V;Côte-Saint-Luc;38303;45° 28' 41" N;73° 39' 49" O
66062;V;Hampstead;7565;45° 28' 43" N;73° 38' 02" O
66072;V;Mont-Royal;22358;45° 30' 50" N;73° 38' 24" O
66087;V;Dorval;20730;45° 26' 21" N;73° 43' 50" O
66092;V;L'Île-Dorval;9;45° 25' 56" N;73° 44' 30" O
66097;V;Pointe-Claire;36194;45° 26' 55" N;73° 48' 59" O
66102;V;Kirkland;19518;45° 26' 54" N;73° 51' 32" O
66107;V;Beaconsfield;19356;45° 25' 36" N;73° 51' 60" O
66112;V;Baie-D'Urfé;3707;45° 24' 30" N;73° 54' 56" O
66117;V;Sainte-Anne-de-Bellevue;5487;45° 24' 14" N;73° 57' 08" O
66127;VL;Senneville;1022;45° 24' 49" N;73° 57' 35" O
66142;V;Dollard-des-Ormeaux;50611;45° 29' 01" N;73° 48' 36" O
67005;M;Saint-Mathieu;2559;45° 18' 46" N;73° 31' 07" O
67010;V;Saint-Philippe;8457;45° 21' 40" N;73° 28' 48" O
67015;V;La Prairie;27217;45° 25' 04" N;73° 29' 21" O
67020;V;Candiac;24514;45° 23' 41" N;73° 31' 11" O
67025;V;Delson;8567;45° 22' 33" N;73° 32' 30" O
67030;V;Sainte-Catherine;17714;45° 24' 19" N;73° 34' 18" O
67035;V;Saint-Constant;31940;45° 22' 17" N;73° 34' 18" O
67040;P;Saint-Isidore;2922;45° 18' 00" N;73° 40' 50" O
67045;V;Mercier;15743;45° 18' 43" N;73° 44' 43" O
67050;V;Châteauguay;53217;45° 21' 39" N;73° 45' 02" O
67055;V;Léry;2691;45° 20' 41" N;73° 48' 23" O
67802;R;Kahnawake;11169;45° 24' 39" N;73° 40' 53" O
68005;M;Saint-Bernard-de-Lacolle;1636;45° 05' 00" N;73° 24' 46" O
68010;VL;Hemmingford;919;45° 02' 46" N;73° 35' 18" O
68015;CT;Hemmingford;2177;45° 03' 15" N;73° 35' 06" O
68020;M;Sainte-Clotilde;3109;45° 09' 28" N;73° 40' 51" O
68025;M;Saint-Patrice-de-Sherrington;2058;45° 09' 37" N;73° 31' 51" O
68030;M;Napierville;4162;45° 11' 19" N;73° 24' 12" O
68035;M;Saint-Cyprien-de-Napierville;1790;45° 11' 37" N;73° 25' 29" O
68040;M;Saint-Jacques-le-Mineur;1886;45° 16' 37" N;73° 25' 04" O
68045;M;Saint-Édouard;1431;45° 14' 25" N;73° 30' 42" O
68050;M;Saint-Michel;3662;45° 14' 12" N;73° 34' 11" O
68055;V;Saint-Rémi;9518;45° 15' 33" N;73° 36' 51" O
69005;CT;Havelock;743;45° 02' 41" N;73° 45' 30" O
69010;M;Franklin;1722;45° 01' 45" N;73° 55' 27" O
69017;M;Saint-Chrysostome;2629;45° 06' 21" N;73° 45' 22" O
69025;M;Howick;886;45° 11' 11" N;73° 50' 58" O
69030;P;Très-Saint-Sacrement;1248;45° 10' 58" N;73° 50' 38" O
69037;M;Ormstown;4258;45° 07' 16" N;73° 59' 27" O
69045;M;Hinchinbrooke;2321;45° 01' 36" N;74° 05' 40" O
69050;M;Elgin;395;45° 01' 17" N;74° 15' 50" O
69055;V;Huntingdon;2897;45° 05' 14" N;74° 10' 31" O
69060;CT;Godmanchester;1548;45° 05' 28" N;74° 11' 26" O
69065;M;Sainte-Barbe;1916;45° 09' 44" N;74° 11' 47" O
69070;M;Saint-Anicet;2772;45° 08' 21" N;74° 21' 38" O
69075;CT;Dundee;376;45° 00' 36" N;74° 24' 09" O
69802;R;Akwesasne;2607;45° 00' 03" N;74° 38' 55" O
70005;M;Saint-Urbain-Premier;1362;45° 13' 13" N;73° 44' 20" O
70012;M;Sainte-Martine;5876;45° 14' 56" N;73° 47' 52" O
70022;V;Beauharnois;15184;45° 18' 47" N;73° 52' 41" O
70030;M;Saint-Étienne-de-Beauharnois;1136;45° 14' 30" N;73° 55' 18" O
70035;P;Saint-Louis-de-Gonzague;2478;45° 12' 53" N;73° 59' 54" O
70040;M;Saint-Stanislas-de-Kostka;2102;45° 10' 37" N;74° 07' 43" O
70052;V;Salaberry-de-Valleyfield;46208;45° 15' 19" N;74° 07' 54" O
71005;M;Rivière-Beaudette;2749;45° 12' 55" N;74° 19' 18" O
71015;M;Saint-Télesphore;817;45° 17' 35" N;74° 23' 31" O
71020;M;Saint-Polycarpe;2555;45° 18' 06" N;74° 18' 15" O
71025;V;Saint-Zotique;10397;45° 14' 29" N;74° 14' 58" O
71033;M;Les Coteaux;6113;45° 15' 39" N;74° 12' 14" O
71040;V;Coteau-du-Lac;7732;45° 17' 26" N;74° 10' 24" O
71045;M;Saint-Clet;1776;45° 21' 04" N;74° 13' 14" O
71050;M;Les Cèdres;7186;45° 18' 19" N;74° 03' 14" O
71055;VL;Pointe-des-Cascades;1822;45° 19' 44" N;73° 58' 19" O
71060;V;L'Île-Perrot;11914;45° 23' 36" N;73° 57' 17" O
71065;V;Notre-Dame-de-l'Île-Perrot;11789;45° 20' 60" N;73° 54' 11" O
71070;V;Pincourt;15281;45° 21' 26" N;73° 58' 56" O
71075;M;Terrasse-Vaudreuil;1921;45° 23' 28" N;73° 59' 13" O
71083;V;Vaudreuil-Dorion;46125;45° 24' 13" N;74° 02' 12" O
71090;VL;Vaudreuil-sur-le-Lac;1358;45° 25' 26" N;74° 02' 09" O
71095;V;L'Île-Cadieux;119;45° 25' 46" N;74° 01' 35" O
71100;V;Hudson;5543;45° 27' 32" N;74° 08' 32" O
71105;V;Saint-Lazare;22918;45° 23' 57" N;74° 08' 28" O
71110;M;Sainte-Marthe;1044;45° 24' 26" N;74° 18' 11" O
71115;M;Sainte-Justine-de-Newton;999;45° 22' 24" N;74° 24' 14" O
71125;M;Très-Saint-Rédempteur;1147;45° 26' 00" N;74° 23' 04" O
71133;V;Rigaud;8187;45° 28' 47" N;74° 17' 58" O
71140;M;Pointe-Fortune;606;45° 33' 42" N;74° 22' 53" O
72005;V;Saint-Eustache;47344;45° 33' 27" N;73° 53' 18" O
72010;V;Deux-Montagnes;18391;45° 32' 29" N;73° 53' 35" O
72015;V;Sainte-Marthe-sur-le-Lac;21716;45° 31' 42" N;73° 55' 55" O
72020;M;Pointe-Calumet;6410;45° 30' 00" N;73° 58' 02" O
72025;M;Saint-Joseph-du-Lac;7361;45° 32' 03" N;74° 00' 26" O
72032;M;Oka;4291;45° 27' 35" N;74° 05' 24" O
72043;M;Saint-Placide;1779;45° 32' 01" N;74° 12' 21" O
72802;EI;Kanesatake;1867;45° 29' 04" N;74° 07' 04" O
73005;V;Boisbriand;29517;45° 36' 45" N;73° 50' 18" O
73010;V;Sainte-Thérèse;27280;45° 38' 25" N;73° 50' 37" O
73015;V;Blainville;61566;45° 40' 46" N;73° 52' 26" O
73020;V;Rosemère;14191;45° 38' 19" N;73° 46' 60" O
73025;V;Lorraine;9724;45° 39' 34" N;73° 46' 33" O
73030;V;Bois-des-Filion;10702;45° 40' 11" N;73° 45' 19" O
73035;V;Sainte-Anne-des-Plaines;15914;45° 45' 35" N;73° 48' 56" O
74005;V;Mirabel;67564;45° 39' 51" N;74° 00' 07" O
75005;V;Saint-Colomban;18831;45° 44' 19" N;74° 08' 09" O
75017;V;Saint-Jérôme;84440;45° 46' 31" N;74° 00' 13" O
75028;M;Sainte-Sophie;19481;45° 49' 12" N;73° 53' 58" O
75040;V;Prévost;14228;45° 51' 29" N;74° 04' 12" O
75045;M;Saint-Hippolyte;12223;45° 55' 50" N;74° 01' 34" O
76008;M;Saint-André-d'Argenteuil;3257;45° 33' 35" N;74° 19' 56" O
76020;V;Lachute;15287;45° 39' 20" N;74° 20' 22" O
76025;CT;Gore;2686;45° 45' 06" N;74° 15' 19" O
76030;M;Mille-Isles;1839;45° 48' 55" N;74° 13' 14" O
76035;CT;Wentworth;668;45° 45' 52" N;74° 22' 22" O
76043;V;Brownsburg-Chatham;8148;45° 40' 35" N;74° 24' 31" O
76052;M;Grenville-sur-la-Rouge;3043;45° 39' 04" N;74° 37' 58" O
76055;VL;Grenville;1857;45° 37' 48" N;74° 36' 02" O
76065;CT;Harrington;948;45° 49' 42" N;74° 32' 53" O
77011;V;Estérel;288;46° 02' 28" N;74° 00' 54" O
77012;V;Sainte-Marguerite-du-Lac-Masson;3755;46° 01' 56" N;74° 03' 24" O
77022;V;Sainte-Adèle;14951;45° 57' 20" N;74° 08' 22" O
77030;M;Piedmont;3586;45° 53' 56" N;74° 07' 55" O
77035;P;Sainte-Anne-des-Lacs;4043;45° 51' 38" N;74° 07' 41" O
77043;V;Saint-Sauveur;12018;45° 53' 46" N;74° 09' 13" O
77050;M;Morin-Heights;4929;45° 54' 24" N;74° 14' 02" O
77055;M;Lac-des-Seize-Îles;197;45° 55' 29" N;74° 28' 16" O
77060;M;Wentworth-Nord;1775;45° 50' 51" N;74° 27' 28" O
77065;M;Saint-Adolphe-d'Howard;3914;45° 58' 11" N;74° 20' 09" O
78005;M;Val-Morin;3198;46° 00' 24" N;74° 11' 19" O
78010;VL;Val-David;5849;46° 01' 54" N;74° 12' 20" O
78015;M;Lantier;990;46° 08' 59" N;74° 15' 06" O
78020;M;Sainte-Lucie-des-Laurentides;1602;46° 07' 52" N;74° 10' 56" O
78032;V;Sainte-Agathe-des-Monts;11969;46° 02' 53" N;74° 17' 01" O
78042;M;Ivry-sur-le-Lac;385;46° 04' 32" N;74° 20' 14" O
78047;M;Mont-Blanc;4017;46° 06' 51" N;74° 28' 54" O
78050;V;Barkmere;84;46° 00' 05" N;74° 34' 25" O
78055;M;Montcalm;654;45° 56' 41" N;74° 32' 49" O
78060;CT;Arundel;591;45° 57' 60" N;74° 36' 58" O
78065;M;Huberdeau;866;45° 58' 31" N;74° 38' 05" O
78070;CT;Amherst;1664;46° 00' 39" N;74° 45' 48" O
78075;M;Brébeuf;998;46° 04' 28" N;74° 40' 21" O
78095;M;Lac-Supérieur;2043;46° 10' 59" N;74° 28' 29" O
78100;M;Val-des-Lacs;769;46° 10' 53" N;74° 20' 33" O
78102;V;Mont-Tremblant;11846;46° 07' 05" N;74° 36' 01" O
78115;M;La Conception;1679;46° 09' 12" N;74° 41' 40" O
78120;M;Labelle;2875;46° 16' 46" N;74° 44' 06" O
78127;M;Lac-Tremblant-Nord;67;46° 15' 04" N;74° 39' 05" O
78130;M;La Minerve;1505;46° 15' 22" N;74° 56' 12" O
78802;R;Doncaster;0;46° 08' 03" N;74° 09' 27" O
79005;M;Notre-Dame-du-Laus;1887;46° 05' 16" N;75° 37' 17" O
79010;M;Notre-Dame-de-Pontmain;841;46° 17' 11" N;75° 38' 01" O
79015;M;Lac-du-Cerf;492;46° 18' 10" N;75° 29' 49" O
79022;M;Saint-Aimé-du-Lac-des-Îles;849;46° 24' 11" N;75° 31' 40" O
79025;M;Kiamika;835;46° 25' 06" N;75° 22' 52" O
79030;M;Nominingue;2237;46° 23' 28" N;75° 01' 41" O
79037;V;Rivière-Rouge;4840;46° 24' 33" N;74° 52' 13" O
79047;M;La Macaza;1110;46° 22' 16" N;74° 46' 21" O
79050;M;L'Ascension;967;46° 33' 08" N;74° 49' 45" O
79060;VL;Lac-Saguay;570;46° 29' 50" N;75° 08' 37" O
79065;M;Chute-Saint-Philippe;1099;46° 38' 59" N;75° 14' 42" O
79078;M;Lac-des-Écorces;3106;46° 33' 24" N;75° 20' 51" O
79088;V;Mont-Laurier;14567;46° 32' 46" N;75° 30' 11" O
79097;M;Ferme-Neuve;2805;46° 42' 02" N;75° 27' 10" O
79105;M;Lac-Saint-Paul;561;46° 43' 57" N;75° 18' 38" O
79110;M;Mont-Saint-Michel;594;46° 46' 50" N;75° 20' 08" O
79115;M;Sainte-Anne-du-Lac;556;46° 52' 38" N;75° 19' 29" O
79902;NO;Lac-de-la-Pomme;0;47° 11' 14" N;74° 30' 49" O
79904;NO;Lac-Akonapwehikan;0;47° 29' 34" N;74° 27' 56" O
79906;NO;Lac-Wagwabika;0;47° 36' 29" N;74° 39' 24" O
79910;NO;Lac-Bazinet;0;47° 31' 49" N;74° 53' 21" O
79912;NO;Lac-De La Bidière;0;47° 22' 43" N;74° 58' 27" O
79914;NO;Lac-Oscar;0;47° 10' 40" N;75° 02' 08" O
79916;NO;Lac-de-la-Maison-de-Pierre;0;46° 50' 20" N;74° 36' 04" O
79920;NO;Baie-des-Chaloupes;0;46° 36' 22" N;74° 38' 37" O
79922;NO;Lac-Douaire;5;47° 00' 09" N;75° 22' 25" O
79924;NO;Lac-Ernest;0;46° 14' 53" N;75° 12' 48" O
79926;NO;Lac-Marguerite;0;47° 00' 42" N;75° 56' 27" O
80005;M;Fassett;483;45° 38' 45" N;74° 52' 09" O
80010;M;Montebello;980;45° 38' 60" N;74° 56' 22" O
80015;M;Notre-Dame-de-Bonsecours;301;45° 40' 14" N;74° 59' 01" O
80020;M;Notre-Dame-de-la-Paix;724;45° 48' 32" N;74° 57' 55" O
80027;M;Saint-André-Avellin;3919;45° 43' 30" N;75° 03' 15" O
80037;M;Papineauville;2390;45° 37' 09" N;75° 01' 05" O
80045;M;Plaisance;1200;45° 36' 26" N;75° 06' 44" O
80050;V;Thurso;3400;45° 35' 58" N;75° 14' 35" O
80055;CT;Lochaber;487;45° 37' 47" N;75° 11' 51" O
80060;CT;Lochaber-Partie-Ouest;1012;45° 36' 04" N;75° 18' 32" O
80065;M;Mayo;712;45° 39' 47" N;75° 20' 39" O
80070;M;Saint-Sixte;556;45° 41' 58" N;75° 12' 30" O
80078;M;Ripon;1849;45° 46' 57" N;75° 06' 06" O
80085;M;Mulgrave-et-Derry;509;45° 46' 49" N;75° 21' 58" O
80087;M;Notre-Dame-de-la-Salette;877;45° 45' 59" N;75° 34' 58" O
80090;M;Montpellier;1247;45° 51' 15" N;75° 09' 54" O
80095;M;Lac-Simon;1172;45° 54' 28" N;75° 05' 37" O
80103;M;Chénéville;951;45° 53' 02" N;75° 03' 17" O
80110;M;Namur;650;45° 53' 43" N;74° 55' 42" O
80115;M;Boileau;419;45° 54' 03" N;74° 46' 30" O
80125;M;Saint-Émile-de-Suffolk;549;45° 55' 30" N;74° 54' 48" O
80130;M;Lac-des-Plages;547;45° 59' 52" N;74° 53' 12" O
80135;M;Duhamel;571;46° 01' 30" N;75° 04' 45" O
80140;M;Val-des-Bois;972;45° 54' 56" N;75° 35' 33" O
80145;M;Bowman;705;45° 52' 50" N;75° 38' 07" O
81017;V;Gatineau;305334;45° 25' 40" N;75° 42' 40" O
82005;M;L'Ange-Gardien;6895;45° 36' 35" N;75° 23' 43" O
82015;M;Val-des-Monts;14249;45° 39' 54" N;75° 44' 03" O
82020;M;Cantley;12284;45° 33' 03" N;75° 47' 02" O
82025;M;Chelsea;8952;45° 30' 15" N;75° 47' 40" O
82030;M;Pontiac;6479;45° 31' 43" N;76° 00' 05" O
82035;M;La Pêche;9242;45° 38' 31" N;76° 02' 18" O
83005;M;Denholm;568;45° 48' 43" N;75° 45' 39" O
83010;CT;Low;1068;45° 48' 34" N;75° 56' 56" O
83015;M;Kazabazua;1102;45° 57' 03" N;76° 00' 46" O
83020;M;Lac-Sainte-Marie;731;45° 56' 58" N;75° 56' 44" O
83032;V;Gracefield;2532;46° 04' 54" N;76° 03' 37" O
83040;M;Cayamant;978;46° 08' 09" N;76° 14' 44" O
83045;M;Blue Sea;715;46° 10' 57" N;76° 03' 34" O
83050;M;Bouchette;756;46° 12' 10" N;75° 57' 27" O
83055;M;Sainte-Thérèse-de-la-Gatineau;549;46° 18' 06" N;75° 52' 01" O
83060;M;Messines;1658;46° 14' 30" N;76° 01' 18" O
83065;V;Maniwaki;3768;46° 22' 28" N;75° 58' 55" O
83070;M;Déléage;2069;46° 22' 58" N;75° 55' 53" O
83075;M;Egan-Sud;540;46° 24' 34" N;75° 58' 56" O
83085;M;Bois-Franc;422;46° 30' 09" N;75° 58' 52" O
83088;M;Montcerf-Lytton;667;46° 32' 21" N;76° 02' 34" O
83090;CT;Aumond;780;46° 28' 01" N;75° 53' 48" O
83095;M;Grand-Remous;1198;46° 36' 27" N;75° 54' 12" O
83802;R;Kitigan Zibi;1255;46° 22' 08" N;75° 58' 28" O
83804;R;Lac-Rapide;342;47° 15' 22" N;76° 42' 27" O
83902;NO;Lac-Pythonga;10;46° 55' 13" N;76° 31' 54" O
83904;NO;Cascades-Malignes;0;46° 49' 27" N;76° 02' 16" O
83906;NO;Lac-Lenôtre;0;47° 27' 40" N;75° 59' 24" O
83908;NO;Lac-Moselle;0;47° 34' 17" N;75° 41' 36" O
83912;NO;Dépôt-Échouani;0;47° 42' 22" N;75° 33' 07" O
84005;M;Bristol;1142;45° 31' 55" N;76° 22' 29" O
84010;M;Shawville;1736;45° 36' 13" N;76° 29' 30" O
84015;M;Clarendon;1448;45° 35' 54" N;76° 29' 29" O
84020;VL;Portage-du-Fort;238;45° 35' 33" N;76° 39' 57" O
84025;M;Bryson;659;45° 40' 41" N;76° 37' 21" O
84030;M;Campbell's Bay;706;45° 43' 59" N;76° 35' 45" O
84035;M;L'Île-du-Grand-Calumet;685;45° 43' 08" N;76° 36' 41" O
84040;M;Litchfield;497;45° 47' 31" N;76° 37' 19" O
84045;M;Thorne;554;45° 45' 42" N;76° 23' 07" O
84050;M;Alleyn-et-Cawood;245;45° 55' 31" N;76° 09' 30" O
84055;M;Otter Lake;980;45° 51' 08" N;76° 25' 59" O
84060;VL;Fort-Coulonge;1298;45° 50' 24" N;76° 44' 02" O
84065;M;Mansfield-et-Pontefract;2315;45° 51' 40" N;76° 44' 21" O
84070;M;Waltham;392;45° 54' 36" N;76° 54' 44" O
84082;M;L'Isle-aux-Allumettes;1399;45° 54' 38" N;77° 04' 22" O
84090;CT;Chichester;356;45° 56' 02" N;77° 07' 10" O
84095;M;Sheenboro;117;45° 58' 10" N;77° 13' 55" O
84100;M;Rapides-des-Joachims;146;46° 11' 52" N;77° 41' 22" O
84902;NO;Lac-Nilgaut;5;46° 38' 50" N;77° 10' 07" O
85005;V;Témiscaming;2355;46° 43' 20" N;79° 05' 34" O
85010;M;Kipawa;419;46° 44' 56" N;79° 03' 03" O
85015;P;Saint-Édouard-de-Fabre;675;47° 11' 53" N;79° 22' 00" O
85020;M;Béarn;774;47° 17' 35" N;79° 19' 33" O
85025;V;Ville-Marie;2417;47° 19' 44" N;79° 26' 15" O
85030;M;Duhamel-Ouest;943;47° 18' 50" N;79° 26' 14" O
85037;M;Lorrainville;1289;47° 21' 10" N;79° 21' 11" O
85045;M;Saint-Bruno-de-Guigues;1192;47° 27' 50" N;79° 26' 17" O
85052;M;Laverlochère-Angliers;984;47° 25' 33" N;79° 18' 33" O
85055;M;Fugèreville;329;47° 23' 49" N;79° 12' 01" O
85060;CU;Latulipe-et-Gaboury;325;47° 25' 40" N;79° 01' 55" O
85065;V;Belleterre;292;47° 23' 21" N;78° 42' 12" O
85070;M;Laforce;287;47° 32' 11" N;78° 43' 36" O
85075;M;Moffet;212;47° 32' 34" N;78° 57' 06" O
85085;M;Saint-Eugène-de-Guigues;468;47° 30' 42" N;79° 21' 10" O
85090;M;Notre-Dame-du-Nord;1090;47° 35' 54" N;79° 28' 55" O
85095;CT;Guérin;326;47° 39' 27" N;79° 19' 00" O
85100;CT;Nédélec;367;47° 41' 30" N;79° 25' 37" O
85105;M;Rémigny;307;47° 45' 44" N;79° 12' 32" O
85802;R;Kebaowek;359;46° 47' 09" N;78° 59' 01" O
85803;EI;Hunter's Point;5;46° 59' 37" N;78° 48' 14" O
85804;EI;Winneway;281;47° 34' 53" N;78° 34' 24" O
85806;R;Timiskaming;547;47° 36' 26" N;79° 28' 15" O
85905;NO;Laniel;97;47° 00' 48" N;79° 12' 21" O
85907;NO;Les Lacs-du-Témiscamingue;10;46° 58' 10" N;78° 15' 35" O
86042;V;Rouyn-Noranda;43328;48° 14' 15" N;79° 01' 02" O
87005;V;Duparquet;732;48° 30' 22" N;79° 13' 49" O
87010;M;Rapide-Danseur;381;48° 33' 03" N;79° 18' 05" O
87015;M;Roquemaure;382;48° 36' 17" N;79° 24' 14" O
87020;M;Gallichan;502;48° 36' 11" N;79° 17' 56" O
87025;M;Palmarolle;1424;48° 39' 38" N;79° 12' 03" O
87030;M;Sainte-Germaine-Boulé;948;48° 36' 13" N;79° 06' 54" O
87035;M;Poularies;677;48° 39' 44" N;78° 59' 05" O
87042;M;Taschereau;917;48° 39' 45" N;78° 41' 02" O
87050;M;Authier;287;48° 43' 47" N;78° 51' 25" O
87058;V;Macamic;2689;48° 45' 18" N;79° 00' 06" O
87070;P;Sainte-Hélène-de-Mancebourg;402;48° 44' 58" N;79° 17' 50" O
87075;M;Clerval;369;48° 44' 57" N;79° 26' 17" O
87080;M;La Reine;303;48° 52' 06" N;79° 30' 21" O
87085;M;Dupuy;963;48° 49' 44" N;79° 21' 27" O
87090;V;La Sarre;7212;48° 48' 25" N;79° 12' 17" O
87095;M;Chazel;275;48° 51' 51" N;79° 03' 18" O
87100;M;Authier-Nord;277;48° 50' 19" N;78° 51' 42" O
87105;M;Val-Saint-Gilles;165;48° 58' 54" N;79° 07' 10" O
87110;CT;Clermont;479;48° 55' 22" N;79° 15' 17" O
87115;M;Normétal;791;48° 59' 42" N;79° 21' 47" O
87120;P;Saint-Lambert;197;48° 57' 11" N;79° 27' 31" O
87902;NO;Lac-Duparquet;0;48° 28' 01" N;79° 24' 31" O
87904;NO;Rivière-Ojima;62;48° 48' 27" N;78° 41' 45" O
88005;M;Champneuf;85;48° 35' 18" N;77° 29' 54" O
88012;M;La Morandière-Rochebaucourt;344;48° 36' 57" N;77° 38' 15" O
88022;M;Barraute;1918;48° 26' 18" N;77° 37' 59" O
88030;M;La Corne;830;48° 21' 27" N;77° 59' 48" O
88035;CT;Landrienne;934;48° 32' 50" N;77° 56' 57" O
88040;P;Saint-Marc-de-Figuery;909;48° 28' 26" N;78° 02' 51" O
88045;M;La Motte;510;48° 19' 41" N;78° 06' 37" O
88050;M;Saint-Mathieu-d'Harricana;837;48° 28' 23" N;78° 08' 23" O
88057;V;Amos;13897;48° 33' 53" N;78° 06' 45" O
88065;M;Saint-Dominique-du-Rosaire;456;48° 45' 50" N;78° 06' 53" O
88070;M;Berry;534;48° 43' 09" N;78° 15' 14" O
88075;CT;Trécesson;1263;48° 37' 42" N;78° 21' 42" O
88080;CT;Launay;213;48° 38' 38" N;78° 31' 54" O
88085;M;Sainte-Gertrude-Manneville;773;48° 31' 05" N;78° 18' 32" O
88090;M;Preissac;968;48° 24' 28" N;78° 21' 59" O
88802;R;Pikogan;562;48° 35' 51" N;78° 07' 12" O
88902;NO;Lac-Despinassy;19;48° 48' 50" N;77° 27' 07" O
88904;NO;Lac-Chicobi;159;48° 46' 42" N;78° 30' 32" O
89008;V;Val-d'Or;33382;48° 06' 07" N;77° 47' 22" O
89010;M;Rivière-Héva;1563;48° 14' 16" N;78° 12' 60" O
89015;V;Malartic;3502;48° 08' 11" N;78° 07' 39" O
89040;V;Senneterre;2798;48° 23' 25" N;77° 14' 26" O
89045;P;Senneterre;1206;48° 21' 01" N;77° 16' 42" O
89050;M;Belcourt;223;48° 24' 02" N;77° 21' 17" O
89802;EI;Kitcisakik;271;47° 32' 24" N;77° 27' 31" O
89804;R;Lac-Simon;1369;48° 03' 29" N;77° 21' 12" O
89902;NO;Matchi-Manitou;0;47° 55' 09" N;76° 45' 15" O
89908;NO;Lac-Metei;0;47° 49' 03" N;76° 49' 47" O
89910;NO;Réservoir-Dozois;0;47° 29' 31" N;77° 11' 19" O
89912;NO;Lac-Granet;0;47° 47' 07" N;77° 28' 03" O
90012;V;La Tuque;11257;47° 26' 27" N;72° 46' 53" O
90017;M;La Bostonnais;602;47° 31' 17" N;72° 40' 58" O
90027;M;Lac-Édouard;221;47° 39' 35" N;72° 16' 18" O
90801;R;Coucoucache;0;47° 45' 08" N;73° 13' 53" O
90802;R;Wemotaci;1243;47° 54' 10" N;73° 47' 08" O
90804;R;Obedjiwan;2079;48° 39' 29" N;74° 56' 16" O
91005;M;Lac-Bouchette;1204;48° 15' 28" N;72° 11' 06" O
91010;VL;Saint-André-du-Lac-Saint-Jean;478;48° 18' 55" N;71° 59' 17" O
91015;M;Saint-François-de-Sales;615;48° 19' 42" N;72° 07' 57" O
91020;M;Chambord;1780;48° 25' 47" N;72° 03' 46" O
91025;V;Roberval;9856;48° 31' 06" N;72° 13' 20" O
91030;M;Sainte-Hedwidge;925;48° 28' 55" N;72° 21' 43" O
91035;M;Saint-Prime;2839;48° 35' 35" N;72° 20' 11" O
91042;V;Saint-Félicien;10332;48° 39' 10" N;72° 26' 48" O
91050;P;La Doré;1381;48° 42' 50" N;72° 38' 58" O
91802;R;Mashteuiatsh;2090;48° 34' 38" N;72° 13' 46" O
91902;NO;Lac-Ashuapmushuan;43;48° 56' 51" N;73° 25' 34" O
92005;P;Saint-Augustin;339;48° 48' 18" N;71° 56' 34" O
92010;M;Péribonka;542;48° 45' 57" N;72° 02' 59" O
92015;VL;Sainte-Jeanne-d'Arc;1121;48° 51' 28" N;72° 05' 35" O
92022;V;Dolbeau-Mistassini;13702;48° 52' 35" N;72° 13' 33" O
92030;M;Albanel;2179;48° 52' 59" N;72° 26' 30" O
92040;V;Normandin;3043;48° 50' 09" N;72° 31' 46" O
92045;M;Saint-Thomas-Didyme;763;48° 54' 30" N;72° 39' 55" O
92050;M;Saint-Edmond-les-Plaines;357;48° 54' 19" N;72° 33' 04" O
92055;M;Girardville;1064;49° 00' 10" N;72° 32' 49" O
92060;M;Notre-Dame-de-Lorette;157;49° 04' 41" N;72° 21' 29" O
92065;M;Saint-Eugène-d'Argentenay;482;48° 58' 40" N;72° 17' 10" O
92070;M;Saint-Stanislas;383;49° 00' 19" N;72° 10' 37" O
92902;NO;Passes-Dangereuses;48;50° 21' 18" N;71° 35' 29" O
92903;NO;Sainte-Élisabeth-de-Proulx;155;48° 58' 03" N;72° 04' 12" O
92904;NO;Rivière-Mistassini;28;49° 59' 04" N;72° 50' 27" O
93005;V;Desbiens;1032;48° 25' 06" N;71° 57' 01" O
93012;V;Métabetchouan--Lac-à-la-Croix;4242;48° 25' 41" N;71° 52' 18" O
93020;M;Hébertville;2533;48° 23' 41" N;71° 40' 40" O
93025;VL;Hébertville-Station;1280;48° 26' 38" N;71° 39' 49" O
93030;M;Saint-Bruno;2926;48° 28' 14" N;71° 39' 10" O
93035;M;Saint-Gédéon;2332;48° 29' 43" N;71° 46' 31" O
93042;V;Alma;30840;48° 32' 59" N;71° 39' 12" O
93045;M;Saint-Nazaire;2136;48° 35' 17" N;71° 33' 00" O
93055;M;Labrecque;1373;48° 40' 30" N;71° 31' 29" O
93060;M;Lamarche;514;48° 47' 27" N;71° 25' 35" O
93065;P;L'Ascension-de-Notre-Seigneur;2240;48° 41' 31" N;71° 40' 13" O
93070;M;Saint-Henri-de-Taillon;814;48° 39' 51" N;71° 49' 24" O
93075;M;Sainte-Monique;866;48° 44' 33" N;71° 51' 01" O
93080;M;Saint-Ludger-de-Milot;644;48° 53' 49" N;71° 49' 17" O
93902;NO;Mont-Apica;0;47° 58' 22" N;71° 24' 32" O
93904;NO;Lac-Moncouche;0;47° 58' 26" N;71° 45' 53" O
93906;NO;Lac-Achouakan;0;48° 04' 23" N;71° 35' 02" O
93908;NO;Belle-Rivière;10;48° 08' 31" N;71° 49' 43" O
94068;V;Saguenay;152341;48° 25' 40" N;71° 03' 46" O
94205;M;Petit-Saguenay;602;48° 12' 58" N;70° 04' 39" O
94210;M;L'Anse-Saint-Jean;1324;48° 14' 02" N;70° 12' 23" O
94215;M;Rivière-Éternité;436;48° 15' 19" N;70° 24' 50" O
94220;M;Ferland-et-Boilleau;725;48° 10' 54" N;70° 50' 44" O
94225;M;Saint-Félix-d'Otis;1216;48° 16' 21" N;70° 37' 28" O
94230;P;Sainte-Rose-du-Nord;480;48° 23' 18" N;70° 35' 06" O
94235;M;Saint-Fulgence;2207;48° 26' 60" N;70° 54' 09" O
94240;V;Saint-Honoré;6889;48° 32' 05" N;71° 05' 11" O
94245;M;Saint-David-de-Falardeau;3093;48° 37' 14" N;71° 06' 40" O
94250;M;Bégin;896;48° 40' 33" N;71° 21' 36" O
94255;M;Saint-Ambroise;4252;48° 33' 14" N;71° 19' 18" O
94260;M;Saint-Charles-de-Bourget;822;48° 31' 03" N;71° 23' 52" O
94265;M;Larouche;1711;48° 26' 53" N;71° 31' 56" O
94926;NO;Lalemant;0;48° 03' 15" N;70° 38' 09" O
94928;NO;Lac-Ministuk;66;48° 09' 47" N;71° 15' 03" O
94930;NO;Mont-Valin;20;50° 29' 15" N;70° 41' 33" O
95005;VL;Tadoussac;767;48° 08' 36" N;69° 43' 08" O
95010;M;Sacré-Coeur;1697;48° 13' 59" N;69° 48' 04" O
95018;M;Les Bergeronnes;620;48° 14' 34" N;69° 32' 44" O
95025;M;Les Escoumins;1761;48° 21' 05" N;69° 24' 27" O
95032;M;Longue-Rive;901;48° 33' 59" N;69° 14' 03" O
95040;M;Portneuf-sur-Mer;595;48° 37' 05" N;69° 06' 06" O
95045;V;Forestville;2816;48° 44' 18" N;69° 04' 37" O
95050;M;Colombier;614;48° 52' 20" N;68° 50' 50" O
95802;R;Essipit;305;48° 20' 36" N;69° 23' 55" O
95902;NO;Lac-au-Brochet;0;49° 08' 53" N;69° 29' 04" O
96005;VL;Baie-Trinité;409;49° 24' 56" N;67° 18' 36" O
96010;VL;Godbout;278;49° 19' 28" N;67° 35' 32" O
96015;M;Franquelin;287;49° 17' 36" N;67° 53' 36" O
96020;V;Baie-Comeau;20714;49° 13' 15" N;68° 08' 57" O
96025;VL;Pointe-Lebel;1801;49° 09' 36" N;68° 14' 54" O
96030;VL;Pointe-aux-Outardes;1443;49° 04' 47" N;68° 24' 05" O
96035;VL;Chute-aux-Outardes;1404;49° 07' 24" N;68° 23' 26" O
96040;P;Ragueneau;1291;49° 04' 26" N;68° 27' 56" O
96802;R;Pessamit;2485;48° 56' 18" N;68° 38' 17" O
96902;NO;Rivière-aux-Outardes;86;50° 21' 59" N;68° 45' 57" O
97007;V;Sept-Îles;24554;50° 12' 35" N;66° 23' 07" O
97022;V;Port-Cartier;6511;50° 01' 08" N;66° 52' 32" O
97035;V;Fermont;2163;52° 47' 51" N;67° 05' 25" O
97040;V;Schefferville;260;54° 48' 02" N;66° 49' 16" O
97802;R;Uashat;1645;50° 13' 16" N;66° 24' 11" O
97804;R;Maliotenam;1704;50° 12' 50" N;66° 11' 55" O
97806;TK;Kawawachikamach;651;54° 51' 45" N;66° 45' 37" O
97808;R;Matimekosh;697;54° 48' 19" N;66° 48' 45" O
97810;R;Lac-John;22;54° 48' 46" N;66° 47' 05" O
97902;NO;Rivière-Nipissis;0;51° 22' 22" N;65° 58' 16" O
97904;NO;Lac-Walker;120;50° 47' 22" N;67° 02' 05" O
97906;NO;Rivière-Mouchalagane;15;52° 16' 37" N;68° 12' 59" O
97908;NO;Caniapiscau;0;53° 56' 55" N;68° 34' 04" O
97912;NO;Lac-Juillet;0;54° 51' 51" N;64° 14' 34" O
97914;NO;Lac-Vacher;0;54° 52' 45" N;66° 53' 27" O
98005;M;Blanc-Sablon;1081;51° 25' 03" N;57° 11' 07" O
98010;M;Bonne-Espérance;677;51° 28' 32" N;57° 42' 24" O
98012;M;Saint-Augustin;427;51° 13' 55" N;58° 38' 26" O
98014;M;Gros-Mécatina;343;50° 48' 27" N;58° 59' 23" O
98015;M;Côte-Nord-du-Golfe-du-Saint-Laurent;767;50° 28' 07" N;59° 36' 58" O
98020;M;L'Île-d'Anticosti;196;49° 49' 08" N;64° 20' 53" O
98025;M;Natashquan;266;50° 11' 10" N;61° 49' 20" O
98030;M;Aguanish;222;50° 13' 40" N;62° 02' 18" O
98035;M;Baie-Johan-Beetz;78;50° 18' 08" N;62° 45' 53" O
98040;M;Havre-Saint-Pierre;3373;50° 14' 42" N;63° 35' 49" O
98045;M;Longue-Pointe-de-Mingan;415;50° 16' 10" N;64° 08' 34" O
98050;M;Rivière-Saint-Jean;223;50° 17' 23" N;64° 20' 18" O
98055;M;Rivière-au-Tonnerre;293;50° 16' 34" N;64° 46' 31" O
98802;EI;Pakuashipi;262;51° 13' 33" N;58° 40' 14" O
98804;R;La Romaine;1103;50° 12' 57" N;60° 40' 08" O
98806;R;Nutashkuan;935;50° 08' 02" N;61° 48' 14" O
98808;R;Mingan;569;50° 17' 29" N;64° 01' 46" O
98904;NO;Lac-Jérôme;0;51° 30' 35" N;63° 31' 17" O
98912;NO;Petit-Mécatina;0;51° 33' 18" N;59° 41' 58" O
99005;V;Lebel-sur-Quévillon;2183;49° 03' 09" N;76° 58' 34" O
99010;VC;Waswanipi;0;49° 43' 28" N;75° 58' 27" O
99015;V;Matagami;1395;49° 45' 30" N;77° 37' 18" O
99020;V;Chapais;1398;49° 46' 54" N;74° 51' 13" O
99025;V;Chibougamau;7325;49° 54' 48" N;74° 22' 07" O
99030;VC;Mistissini;10;50° 19' 32" N;74° 01' 06" O
99035;VC;Waskaganish;0;51° 11' 51" N;78° 46' 36" O
99040;VC;Nemaska;0;51° 42' 57" N;76° 20' 27" O
99045;VC;Eastmain;0;52° 08' 35" N;78° 05' 02" O
99050;VC;Wemindji;0;52° 58' 09" N;78° 37' 24" O
99055;VC;Chisasibi;0;53° 36' 31" N;78° 21' 23" O
99060;GR;Eeyou Istchee Baie-James;1212;52° 13' 35" N;75° 00' 51" O
99065;VK;Kawawachikamach;0;55° 11' 27" N;66° 52' 20" O
99070;VC;Whapmagoostui;0;55° 14' 43" N;77° 44' 32" O
99075;VN;Kuujjuarapik;729;55° 16' 24" N;77° 45' 37" O
99080;VN;Umiujaq;579;56° 32' 10" N;76° 31' 06" O
99085;VN;Inukjuak;1921;58° 28' 18" N;78° 04' 39" O
99090;VN;Kangiqsualujjuaq;1034;58° 42' 41" N;65° 59' 34" O
99095;VN;Kuujjuaq;2719;58° 06' 27" N;68° 24' 13" O
99100;VN;Tasiujaq;440;58° 40' 46" N;69° 52' 48" O
99105;VN;Aupaluk;230;59° 18' 13" N;69° 35' 59" O
99110;VN;Kangirsuk;597;60° 01' 09" N;70° 01' 40" O
99115;VN;Quaqtaq;473;61° 02' 45" N;69° 37' 06" O
99120;VN;Puvirnituq;2215;60° 03' 02" N;77° 17' 14" O
99125;VN;Akulivik;631;60° 49' 07" N;78° 08' 55" O
99130;VN;Kangiqsujuaq;860;61° 35' 55" N;71° 57' 14" O
99135;VN;Salluit;1629;62° 12' 07" N;75° 38' 28" O
99140;VN;Ivujivik;433;62° 25' 03" N;77° 55' 32" O
99802;TC;Waswanipi;1843;49° 42' 08" N;75° 57' 26" O
99804;TC;Mistissini;3963;50° 24' 54" N;73° 51' 52" O
99806;TC;Waskaganish;2669;51° 29' 15" N;78° 45' 00" O
99808;TC;Nemaska;857;51° 41' 30" N;76° 15' 02" O
99810;TC;Eastmain;942;52° 13' 33" N;78° 31' 21" O
99812;TC;Wemindji;1601;53° 00' 15" N;78° 48' 28" O
99814;TC;Chisasibi;5297;53° 39' 19" N;78° 47' 52" O
99816;TC;Whapmagoostui;1045;55° 12' 02" N;77° 20' 45" O
99818;TC;Oujé-Bougoumou;848;49° 55' 26" N;74° 49' 15" O
99820;VC;Oujé-Bougoumou;0;49° 58' 32" N;74° 45' 55" O
99877;TI;Kuujjuarapik;0;56° 16' 60" N;76° 30' 48" O
99878;TI;Umiujaq;0;56° 27' 48" N;76° 29' 08" O
99879;TI;Inukjuak;0;58° 35' 22" N;78° 16' 33" O
99883;TI;Akulivik;0;60° 53' 24" N;77° 46' 05" O
99885;TI;Ivujivik;0;62° 24' 26" N;77° 40' 21" O
99887;TI;Salluit;0;62° 07' 52" N;75° 38' 18" O
99888;TI;Kangiqsujuaq;0;61° 33' 08" N;72° 05' 53" O
99889;TI;Quaqtaq;0;60° 53' 10" N;69° 34' 23" O
99890;TI;Kangirsuk;0;60° 04' 41" N;70° 11' 31" O
99891;TI;Aupaluk;0;59° 10' 53" N;69° 59' 29" O
99892;TI;Tasiujaq;0;58° 40' 04" N;69° 57' 23" O
99893;TI;Kuujjuaq;0;58° 19' 50" N;68° 19' 05" O
99894;TI;Kangiqsualujjuaq;0;58° 43' 19" N;65° 50' 12" O
99902;NO;Rivière-Koksoak;0;58° 19' 02" N;69° 23' 31" O
99904;NO;Baie-d'Hudson;5;58° 43' 22" N;76° 02' 30" O
99908;NO;Toponyme à venir;0;50° 08' 46" N;75° 07' 34" O
99910;NO;Toponyme à venir;0;50° 10' 29" N;76° 17' 25" O
99914;NO;Toponyme à venir;0;51° 41' 04" N;73° 17' 06" O
99916;NO;Toponyme à venir;0;51° 07' 46" N;78° 19' 52" O
99918;NO;Toponyme à venir;0;51° 49' 41" N;75° 44' 20" O
99920;NO;Toponyme à venir;0;52° 11' 49" N;77° 31' 24" O
99922;NO;Toponyme à venir;0;52° 55' 32" N;78° 05' 14" O
99924;NO;Toponyme à venir;0;54° 17' 35" N;78° 06' 60" O
